# 3ds Max Wavefront OBJ Exporter v0.99 - (c)2007 guruware
# File Created: 02.06.2026 01:17:37

mtllib objetos.mtl

#
# object Mesa006
#

v  8514.5029 480.1934 -4413.9526
v  8514.5029 480.1934 -4615.4702
v  8514.5029 375.4005 -4615.4702
v  8514.5029 375.4005 -4413.9526
v  8847.9600 480.1934 -4413.9526
v  8847.9600 375.4005 -4413.9526
v  8536.4219 375.4005 -4615.4702
v  8536.4219 450.6103 -4615.4702
v  8536.4219 450.6103 -4451.2920
v  8536.4219 375.4005 -4451.2920
v  8726.3389 450.6103 -4451.2920
v  8726.3389 375.4005 -4451.2920
v  8737.8877 379.1818 -4451.2920
v  8737.8877 401.9087 -4451.2920
v  8823.2617 401.9087 -4451.2920
v  8823.2617 379.1818 -4451.2920
v  8823.2617 403.8932 -4451.2920
v  8737.8877 403.8932 -4451.2920
v  8737.8877 426.5187 -4451.2920
v  8823.2617 426.5187 -4451.2920
v  8737.8877 450.6103 -4451.2920
v  8823.2617 450.6103 -4451.2920
v  8823.2617 428.5767 -4451.2920
v  8737.8877 428.5767 -4451.2920
v  8737.8877 450.6103 -4615.4702
v  8823.2617 450.6103 -4615.4702
v  8737.8877 403.8932 -4615.6548
v  8737.8877 426.5187 -4615.6548
v  8737.8877 450.6103 -4615.6548
v  8726.3389 450.6103 -4615.6548
v  8726.3389 450.6103 -4615.4702
v  8823.2617 428.5767 -4615.4702
v  8823.2617 426.5187 -4615.4702
v  8823.2617 426.5187 -4615.6548
v  8823.2617 428.5767 -4615.6548
v  8823.2617 403.8932 -4615.6548
v  8823.2617 403.8932 -4615.4702
v  8823.2617 401.9087 -4615.4702
v  8823.2617 401.9087 -4615.6548
v  8823.2617 375.4005 -4614.9355
v  8737.8877 375.4005 -4614.9355
v  8737.8877 379.1818 -4614.9355
v  8823.2617 379.1818 -4614.9355
v  8737.8877 428.5767 -4615.6548
v  8737.8877 401.9087 -4615.6548
v  8737.8877 375.4005 -4615.6548
v  8823.2617 375.4005 -4615.4702
v  8726.3389 375.4005 -4615.6548
v  8847.9600 375.4005 -4615.4702
v  8847.9600 480.1934 -4615.4702
# 50 vertices

vn -0.5774 0.5774 0.5774
vn -0.5774 0.5774 -0.5774
vn -0.5774 -0.5774 -0.5774
vn -0.5774 -0.5774 0.5774
vn 0.5774 0.5774 0.5774
vn 0.5774 -0.5774 0.5774
vn 0.5774 -0.5774 -0.5774
vn 0.5774 0.5774 -0.5774
vn -0.0000 -0.7071 -0.7071
vn 0.3015 0.3015 -0.9045
vn 0.3015 -0.3015 -0.9045
vn 0.5773 0.5773 -0.5774
vn -0.7071 0.0000 -0.7071
vn 0.1715 -0.6860 -0.7071
vn 0.0000 -0.7071 0.7071
vn 0.5773 -0.5773 -0.5774
vn 0.5774 0.5774 -0.5773
vn -0.0877 0.7016 -0.7071
vn 0.5774 0.5773 -0.5774
vn -0.5773 0.5774 -0.5773
# 20 vertex normals

vt 1.0000 0.6967 0.0000
vt 0.0000 0.6967 0.0000
vt 0.0000 0.0000 0.0000
vt 1.0000 0.0000 0.0000
vt 0.6667 0.0000 0.0000
vt 0.6667 0.5000 0.0000
vt 0.5556 0.5000 0.0000
vt 0.5556 0.0000 0.0000
vt 0.6667 -0.0000 0.0000
vt 0.4444 0.0357 0.0000
vt 0.4444 0.0714 0.0000
vt 0.3333 0.0714 0.0000
vt 0.3333 0.0357 0.0000
vt 0.3333 0.1429 0.0000
vt 0.4444 0.1429 0.0000
vt 0.4444 0.2143 0.0000
vt 0.3333 0.2143 0.0000
vt 0.4444 0.5000 0.0000
vt 0.3333 0.5000 0.0000
vt 0.3333 0.2857 0.0000
vt 0.4444 0.2857 0.0000
vt 0.7763 0.5000 0.0000
vt 0.4460 0.5000 0.0000
vt 0.3333 0.4322 0.0000
vt 0.3333 0.3535 0.0000
vt 0.3333 0.1787 0.0000
vt 0.3333 0.2501 0.0000
vt 0.3333 0.0000 0.0000
vt 0.4444 0.0000 0.0000
vt 0.4444 0.0298 0.0000
vt 0.3333 0.1829 0.0000
vt 0.3333 0.1655 0.0000
vt 0.3333 -0.0052 0.0000
vt 0.3333 0.0184 0.0000
vt 0.0464 0.8147 0.0000
vt 0.6159 0.8147 0.0000
vt 0.5307 -0.0009 0.0000
vt 0.5654 -0.0009 0.0000
vt 0.5657 0.0027 0.0000
vt 0.8218 0.0027 0.0000
vt 0.8215 -0.0000 0.0000
vt 0.8956 -0.0000 0.0000
vt 1.0000 1.0000 0.0000
vt 0.0000 1.0000 0.0000
vt -0.1044 -0.0000 0.0000
vt -0.0387 -0.0000 0.0000
vt 0.4444 -0.6399 0.0000
# 47 texture coords

o Mesa006
g Mesa006
usemtl wire_181223214
s 16
f 1/1/1 2/2/2 3/3/3 4/4/4 
s 32
f 5/1/5 1/2/1 4/3/4 6/4/6 
s off
f 7/5/7 8/6/6 9/6/7 10/5/8 
s 8
f 9/6/7 11/7/3 12/8/2 10/9/8 
f 13/10/8 14/11/7 15/12/3 16/13/2 
f 17/14/2 18/15/8 19/16/7 20/17/3 
f 21/18/7 22/19/3 23/20/2 24/21/8 
s off
f 25/18/9 26/19/4 22/19/3 21/18/7 
f 19/16/7 18/15/8 27/15/10 28/16/11 
f 29/18/12 30/7/2 31/7/13 25/18/9 
f 11/7/3 9/22/7 8/6/6 31/23/13 
f 32/20/14 33/17/15 34/17/16 35/20/17 
f 23/20/2 22/24/3 26/19/4 32/25/14 
f 36/14/12 37/14/18 38/12/9 39/12/16 
f 37/26/18 17/14/2 20/17/3 33/27/15 
s 8
f 40/28/2 41/29/19 42/10/20 43/13/8 
s off
f 44/21/10 29/18/12 25/18/9 21/18/7 24/21/8 
f 32/20/14 35/20/17 44/21/10 24/21/8 23/20/2 
f 33/17/15 20/17/3 19/16/7 28/16/11 34/17/16 
f 37/14/18 36/14/12 27/15/10 18/15/8 17/14/2 
f 38/12/9 15/12/3 14/11/7 45/11/11 39/12/16 
f 42/10/20 41/30/19 46/30/7 45/11/11 14/11/7 13/10/8 
f 13/10/8 16/13/2 43/13/8 42/10/20 
f 15/31/3 38/32/9 47/28/3 40/33/2 43/34/8 16/13/2 
s 2
f 10/35/8 12/36/2 48/37/3 46/38/7 41/39/19 40/40/2 47/41/3 49/42/7 6/43/6 4/44/4 3/45/3 7/46/7 
s off
f 48/8/3 12/8/2 11/7/3 31/7/13 30/7/2 
s 128
f 49/4/7 47/41/3 38/32/9 37/14/18 33/27/15 32/20/14 26/19/4 25/18/9 31/7/13 8/6/6 7/5/7 3/45/3 2/2/2 50/3/8 
s 64
f 6/4/6 49/42/7 50/3/8 5/44/5 
s 1
f 1/1/1 5/1/5 50/3/8 2/2/2 
s 4
f 27/15/10 45/47/11 46/30/7 48/37/3 30/7/2 29/18/12 44/21/10 28/16/11 
s 256
f 34/17/16 28/16/11 44/21/10 35/20/17 
s 512
f 39/12/16 45/11/11 27/15/10 36/14/12 
# 32 polygons

#
# object Box034
#

v  8666.6855 582.2812 -4536.4893
v  8666.7168 582.3425 -4540.7734
v  8667.2832 582.4125 -4540.7734
v  8667.2852 582.4050 -4536.4932
v  8663.0762 585.7413 -4540.2969
v  8663.0762 586.3740 -4536.4893
v  8663.7988 586.5157 -4536.4893
v  8664.5195 586.6592 -4536.4893
v  8664.4609 585.7413 -4540.2969
v  8663.0762 585.3929 -4540.4727
v  8663.0762 585.5977 -4540.4395
v  8664.4629 585.5977 -4540.4395
v  8664.4688 585.3912 -4540.4727
v  8663.7891 585.3920 -4540.4727
v  8664.6133 590.7728 -4520.4385
v  8664.8301 590.7064 -4520.4385
v  8665.1631 590.6694 -4520.4385
v  8665.4492 590.7064 -4520.4385
v  8665.8711 590.7728 -4520.4385
v  8665.9131 590.8325 -4520.4385
v  8665.9473 590.8925 -4520.4385
v  8665.9746 590.9523 -4520.4385
v  8665.9473 591.0121 -4520.4385
v  8665.9131 591.0720 -4520.4385
v  8665.8711 591.1318 -4520.4385
v  8665.6621 591.2346 -4520.4385
v  8665.4512 591.3389 -4520.4385
v  8665.2422 591.3826 -4520.4385
v  8665.0332 591.3389 -4520.4385
v  8664.8232 591.2346 -4520.4385
v  8664.6133 591.1318 -4520.4385
v  8664.5684 591.0720 -4520.4385
v  8664.5371 591.0121 -4520.4385
v  8664.5371 590.8925 -4520.4385
v  8664.5684 590.8325 -4520.4385
v  8667.5293 585.7556 -4536.5117
v  8666.7520 589.1843 -4526.7876
v  8666.7295 589.0513 -4526.7861
v  8667.5117 585.5493 -4536.5088
v  8665.7070 589.8295 -4526.7764
v  8665.9639 586.6592 -4536.4893
v  8665.2422 586.7194 -4536.4893
v  8665.2422 589.8813 -4526.7764
v  8664.7178 588.7643 -4526.7764
v  8664.1221 588.8306 -4526.7764
v  8663.7090 585.4843 -4535.9209
v  8664.5371 585.4180 -4535.9209
v  8667.4072 585.5977 -4540.4395
v  8667.4072 585.6528 -4540.4229
v  8667.4072 585.6953 -4540.3940
v  8667.4072 585.7247 -4540.3516
v  8667.4072 585.7413 -4540.2969
v  8667.4072 586.3740 -4536.4893
v  8667.4648 586.1678 -4536.4893
v  8663.0645 582.5521 -4536.4873
v  8663.0576 582.6030 -4536.4893
v  8663.0156 582.7783 -4536.4893
v  8663.0762 582.7736 -4540.7734
v  8663.0762 582.5526 -4540.7734
v  8663.0156 583.1287 -4536.4893
v  8663.0176 582.9536 -4536.4893
v  8663.7451 582.3583 -4524.1152
v  8663.7422 582.4747 -4524.1152
v  8665.2422 581.7468 -4524.1152
v  8664.7617 581.8046 -4524.1152
v  8664.5195 582.1437 -4536.4893
v  8665.2422 582.0677 -4536.4893
v  8666.7578 582.3583 -4524.1152
v  8666.7480 582.2419 -4524.1152
v  8667.4746 582.7783 -4536.4893
v  8667.4844 582.9536 -4536.4893
v  8665.2422 583.0568 -4524.1152
v  8665.7207 582.9910 -4524.1152
v  8665.9639 583.8611 -4536.4893
v  8665.2422 583.9496 -4536.4893
v  8664.2832 582.8738 -4524.1152
v  8663.7988 583.7032 -4536.4893
v  8663.0762 583.4792 -4536.4893
v  8663.8037 582.7076 -4524.1152
v  8664.5195 583.8611 -4536.4893
v  8664.7617 582.9910 -4524.1152
v  8665.7168 581.9084 -4520.3242
v  8665.9531 581.7999 -4520.3242
v  8666.6797 582.7076 -4524.1152
v  8666.2012 582.8738 -4524.1152
v  8665.4785 581.9849 -4520.3242
v  8666.5586 581.9832 -4524.1328
v  8666.2012 581.9034 -4524.1152
v  8665.7207 581.8046 -4524.1152
v  8665.9639 582.1437 -4536.4893
v  8664.7676 581.3896 -4520.3242
v  8664.6543 581.4208 -4520.3242
v  8663.9248 581.9832 -4524.1328
v  8664.2832 581.9034 -4524.1152
v  8665.0049 581.3295 -4520.3242
v  8663.7852 582.1255 -4524.1152
v  8663.7852 582.1243 -4524.1094
v  8663.7422 582.2419 -4524.1152
v  8664.5303 581.7999 -4520.3242
v  8663.7852 582.5912 -4524.1152
v  8664.5117 581.7424 -4520.3242
v  8664.4697 581.6848 -4520.3242
v  8663.0576 583.3041 -4536.4893
v  8663.0762 583.3132 -4540.7734
v  8663.0762 583.1323 -4540.7734
v  8663.0762 582.9457 -4540.7734
v  8663.7988 582.2812 -4536.4893
v  8663.1992 582.4053 -4536.4932
v  8663.2012 582.4138 -4540.7734
v  8663.8320 582.3425 -4540.7734
v  8667.4395 583.3041 -4536.4893
v  8667.4072 583.4792 -4536.4893
v  8666.7129 582.5912 -4524.1152
v  8666.7480 582.4747 -4524.1152
v  8667.4746 583.1287 -4536.4893
v  8665.9863 581.5120 -4520.3242
v  8666.7129 582.1243 -4524.1099
v  8666.7129 582.1255 -4524.1152
v  8666.0215 581.5695 -4520.3242
v  8667.4072 583.5051 -4540.7734
v  8667.4072 583.3254 -4540.7734
v  8667.4072 583.1511 -4540.7734
v  8667.4072 582.9766 -4540.7734
v  8667.4072 582.7917 -4540.7734
v  8667.4395 582.6030 -4536.4893
v  8667.4072 582.6279 -4540.7734
v  8667.4072 582.5526 -4540.7734
v  8667.4277 582.5507 -4536.4883
v  8664.4717 581.6271 -4520.3242
v  8665.2422 581.2899 -4520.3242
v  8666.0312 581.6271 -4520.3242
v  8665.2422 582.0278 -4520.3242
v  8664.7676 581.9084 -4520.3242
v  8665.0049 581.9849 -4520.3242
v  8666.6855 583.7032 -4536.4893
v  8665.7168 581.3896 -4520.3242
v  8665.8301 581.4208 -4520.3242
v  8665.4785 581.3295 -4520.3242
v  8664.5117 581.5120 -4520.3242
v  8664.4697 581.5695 -4520.3242
v  8665.9863 581.7424 -4520.3242
v  8666.0215 581.6848 -4520.3242
v  8667.4072 585.1370 -4536.4893
v  8666.6387 588.7852 -4526.7764
v  8666.3613 588.8306 -4526.7764
v  8666.7754 585.4843 -4535.9209
v  8664.5352 590.5162 -4521.0068
v  8664.8164 590.4500 -4521.0068
v  8663.8457 588.7852 -4526.7764
v  8663.1074 582.4556 -4540.7734
v  8663.1045 582.4532 -4536.4897
v  8664.5566 581.4603 -4520.3242
v  8663.8291 582.0314 -4524.1182
v  8667.3760 582.4553 -4540.7734
v  8667.3818 582.4528 -4536.4902
v  8666.6582 582.0314 -4524.1182
v  8665.9316 581.4603 -4520.3242
v  8663.0762 585.6953 -4540.3940
v  8663.0762 585.7247 -4540.3516
v  8665.8887 585.5977 -4540.4395
v  8665.2266 585.5977 -4540.4395
v  8663.0762 585.6528 -4540.4233
v  8664.3105 589.7056 -4526.7764
v  8663.8457 589.5833 -4526.7764
v  8664.7764 589.8295 -4526.7764
v  8666.6387 589.5833 -4526.7764
v  8666.1738 589.7056 -4526.7764
v  8663.0146 585.3431 -4536.4893
v  8663.0762 585.1370 -4536.4893
v  8663.7910 588.9183 -4526.7764
v  8662.9707 585.5493 -4536.4893
v  8663.7539 589.0513 -4526.7764
v  8662.9707 585.7556 -4536.4893
v  8663.7539 589.3173 -4526.7764
v  8662.9707 585.9617 -4536.4893
v  8663.7910 589.4503 -4526.7764
v  8663.0146 586.1678 -4536.4893
v  8663.0762 585.2003 -4540.5034
v  8663.0762 585.0051 -4540.5347
v  8663.0762 584.8140 -4540.5654
v  8663.0762 584.6237 -4540.5957
v  8663.0762 583.5178 -4540.7734
v  8666.6895 589.4503 -4526.7764
v  8666.7295 589.3173 -4526.7861
v  8667.5117 585.9617 -4536.5088
v  8666.6895 588.9183 -4526.7764
v  8667.4072 585.3871 -4540.4731
v  8667.4072 585.1611 -4540.5088
v  8667.4072 584.9520 -4540.5425
v  8667.4648 585.3431 -4536.4893
v  8667.4072 584.7590 -4540.5732
v  8665.9492 590.5162 -4521.0068
v  8666.6855 586.5157 -4536.4893
v  8666.5811 585.7413 -4540.2969
v  8665.8887 585.7413 -4540.2969
v  8665.2256 585.7413 -4540.2969
v  8665.8945 585.3892 -4540.4727
v  8665.2285 585.3900 -4540.4727
v  8666.5996 585.1685 -4540.5078
v  8665.8994 585.1747 -4540.5068
v  8666.5908 585.3882 -4540.4727
v  8665.2305 585.1808 -4540.5059
v  8664.4756 585.1876 -4540.5049
v  8663.7910 585.1938 -4540.5039
v  8665.9043 584.9705 -4540.5400
v  8666.6074 584.9619 -4540.5410
v  8665.2324 584.9786 -4540.5386
v  8664.4814 584.9879 -4540.5371
v  8663.7949 584.9963 -4540.5361
v  8665.9102 584.7781 -4540.5703
v  8666.6152 584.7692 -4540.5718
v  8665.2344 584.7866 -4540.5693
v  8664.4873 584.7961 -4540.5679
v  8663.7969 584.8049 -4540.5664
v  8665.9141 584.5775 -4540.6025
v  8665.2363 584.5886 -4540.6006
v  8664.4932 584.6006 -4540.5991
v  8663.7988 584.6119 -4540.5977
v  8666.6230 584.5659 -4540.6045
v  8666.6641 583.5073 -4540.7734
v  8665.9424 583.5095 -4540.7734
v  8665.2461 583.5115 -4540.7734
v  8664.5264 583.5137 -4540.7734
v  8663.8145 583.5157 -4540.7734
v  8664.5215 585.1370 -4536.4893
v  8665.2334 585.3810 -4535.9209
v  8665.2266 585.1370 -4536.4893
v  8665.2051 588.7274 -4526.7764
v  8665.1621 590.4130 -4521.0068
v  8665.9629 585.1370 -4536.4893
v  8665.9531 585.4180 -4535.9209
v  8665.6689 588.7643 -4526.7764
v  8665.4629 590.4500 -4521.0068
v  8665.7266 582.2476 -4540.0815
v  8665.4141 582.2322 -4540.1953
v  8665.2578 582.2220 -4540.1953
v  8665.2598 582.2460 -4540.7734
v  8665.9785 582.2925 -4540.7734
v  8665.9756 582.2612 -4539.8730
v  8665.2500 582.1434 -4538.3066
v  8664.5439 582.2173 -4538.6089
v  8664.7676 582.1956 -4538.4209
v  8665.0811 582.1611 -4538.3066
v  8665.9707 582.2178 -4538.6260
v  8665.4141 582.1541 -4538.3066
v  8665.7266 582.1851 -4538.4209
v  8666.2070 582.2554 -4539.2510
v  8666.1484 582.2402 -4538.9233
v  8666.1484 580.3561 -4538.9233
v  8666.2070 580.3561 -4539.2510
v  8666.1484 582.2628 -4539.5791
v  8666.1484 580.3561 -4539.5791
v  8665.9824 580.3561 -4539.8672
v  8665.9824 582.2615 -4539.8672
v  8664.3467 582.2814 -4539.5791
v  8664.2891 582.2814 -4539.2510
v  8664.3096 582.2814 -4539.1328
v  8664.4209 582.2814 -4539.7080
v  8664.7676 580.3561 -4538.4209
v  8664.5137 582.2241 -4538.6348
v  8664.5137 580.3561 -4538.6348
v  8665.0811 580.3561 -4538.3066
v  8667.5762 580.3561 -4538.4038
v  8667.1455 580.3561 -4537.6582
v  8667.3711 579.9584 -4537.4688
v  8667.8535 579.9584 -4538.3027
v  8667.7246 580.3561 -4539.2510
v  8668.0205 579.9584 -4539.2510
v  8667.5762 580.3561 -4540.0986
v  8667.8535 579.9584 -4540.1992
v  8667.3711 579.9584 -4541.0332
v  8667.1455 580.3561 -4540.8438
v  8666.4863 580.3561 -4541.3970
v  8666.6338 579.9584 -4541.6523
v  8665.7285 579.9584 -4541.9819
v  8665.6777 580.3561 -4541.6914
v  8664.7656 579.9584 -4541.9819
v  8664.8174 580.3561 -4541.6914
v  8663.8613 579.9584 -4541.6523
v  8664.0088 580.3561 -4541.3970
v  8663.1230 579.9584 -4541.0332
v  8663.3496 580.3561 -4540.8438
v  8662.6426 579.9584 -4540.1992
v  8662.9199 580.3561 -4540.0986
v  8662.4746 579.9584 -4539.2510
v  8662.7695 580.3561 -4539.2510
v  8662.6426 579.9584 -4538.3027
v  8662.9199 580.3561 -4538.4038
v  8663.1230 579.9584 -4537.4688
v  8663.3496 580.3561 -4537.6582
v  8663.8613 579.9584 -4536.8496
v  8664.0088 580.3561 -4537.1055
v  8664.8174 580.3561 -4536.8110
v  8664.7656 579.9584 -4536.5205
v  8665.7285 579.9584 -4536.5205
v  8665.6777 580.3561 -4536.8110
v  8666.6338 579.9584 -4536.8496
v  8666.4863 580.3561 -4537.1055
v  8666.8350 577.8608 -4536.5015
v  8665.7988 577.8608 -4536.1240
v  8667.6797 577.8608 -4537.2100
v  8670.9443 576.5858 -4534.4707
v  8668.9658 576.5858 -4532.8105
v  8672.2363 576.5858 -4536.7080
v  8668.2314 577.8608 -4538.1650
v  8672.6836 576.5858 -4539.2510
v  8668.4229 577.8608 -4539.2510
v  8672.2363 576.5858 -4541.7949
v  8668.2314 577.8608 -4540.3369
v  8670.9443 576.5858 -4544.0312
v  8667.6797 577.8608 -4541.2920
v  8668.9658 576.5858 -4545.6914
v  8666.8350 577.8608 -4542.0010
v  8666.5391 576.5858 -4546.5752
v  8665.7988 577.8608 -4542.3779
v  8664.6963 577.8608 -4542.3779
v  8663.9561 576.5858 -4546.5752
v  8661.5293 576.5858 -4545.6914
v  8663.6602 577.8608 -4542.0010
v  8659.5508 576.5858 -4544.0312
v  8662.8154 577.8608 -4541.2920
v  8658.2598 576.5858 -4541.7949
v  8662.2637 577.8608 -4540.3369
v  8657.8105 576.5858 -4539.2510
v  8662.0723 577.8608 -4539.2510
v  8662.2637 577.8608 -4538.1650
v  8658.2598 576.5858 -4536.7080
v  8659.5508 576.5858 -4534.4707
v  8662.8154 577.8608 -4537.2100
v  8663.6602 577.8608 -4536.5015
v  8661.5293 576.5858 -4532.8105
v  8663.9561 576.5858 -4531.9277
v  8664.6963 577.8608 -4536.1240
v  8666.5391 576.5858 -4531.9277
v  8663.6465 575.3107 -4530.1719
v  8666.8486 575.3107 -4530.1719
v  8669.8574 575.3107 -4531.2666
v  8667.1064 572.7604 -4528.7090
v  8670.5996 572.7604 -4529.9805
v  8663.3887 572.7604 -4528.7090
v  8655.1875 525.2740 -4535.5898
v  8657.5703 525.7601 -4536.4570
v  8658.9893 525.7601 -4534.0000
v  8657.0469 525.2740 -4532.3701
v  8659.8945 525.2740 -4529.9805
v  8661.1621 525.7601 -4532.1763
v  8657.0781 525.7601 -4539.2510
v  8657.5703 525.7601 -4542.0454
v  8658.9893 525.7601 -4544.5024
v  8661.1621 525.7601 -4546.3262
v  8663.8291 525.7601 -4547.2969
v  8666.6660 525.7601 -4547.2969
v  8669.3320 525.7601 -4546.3262
v  8671.5059 525.7601 -4544.5024
v  8672.9238 525.7601 -4542.0454
v  8673.4170 525.7601 -4539.2510
v  8672.9238 525.7601 -4536.4570
v  8671.5059 525.7601 -4534.0000
v  8669.3320 525.7601 -4532.1763
v  8666.6660 525.7601 -4531.2061
v  8663.8291 525.7601 -4531.2061
v  8654.5430 525.2740 -4539.2510
v  8655.1875 525.2740 -4542.9126
v  8657.0469 525.2740 -4546.1323
v  8659.8945 525.2740 -4548.5225
v  8663.3887 525.2740 -4549.7939
v  8667.1064 525.2740 -4549.7939
v  8670.5996 525.2740 -4548.5225
v  8673.4482 525.2740 -4546.1323
v  8675.3066 525.2740 -4542.9126
v  8675.9531 525.2740 -4539.2510
v  8675.3066 525.2740 -4535.5898
v  8673.4482 525.2740 -4532.3701
v  8670.5996 525.2740 -4529.9805
v  8667.1064 525.2740 -4528.7090
v  8663.3887 525.2740 -4528.7090
v  8660.6377 575.3107 -4531.2666
v  8659.8945 572.7604 -4529.9805
v  8658.1855 575.3107 -4533.3252
v  8657.0469 572.7604 -4532.3701
v  8656.5840 575.3107 -4536.0977
v  8655.1875 572.7604 -4535.5898
v  8656.0273 575.3107 -4539.2510
v  8654.5430 572.7604 -4539.2510
v  8656.5840 575.3107 -4542.4043
v  8655.1875 572.7604 -4542.9126
v  8658.1855 575.3107 -4545.1777
v  8657.0469 572.7604 -4546.1323
v  8660.6377 575.3107 -4547.2354
v  8659.8945 572.7604 -4548.5225
v  8663.6465 575.3107 -4548.3311
v  8663.3887 572.7604 -4549.7939
v  8666.8486 575.3107 -4548.3311
v  8667.1064 572.7604 -4549.7939
v  8669.8574 575.3107 -4547.2354
v  8670.5996 572.7604 -4548.5225
v  8672.3105 575.3107 -4545.1777
v  8673.4482 572.7604 -4546.1323
v  8673.9111 575.3107 -4542.4043
v  8675.3066 572.7604 -4542.9126
v  8674.4668 575.3107 -4539.2510
v  8675.9531 572.7604 -4539.2510
v  8673.9111 575.3107 -4536.0977
v  8675.3066 572.7604 -4535.5898
v  8672.3105 575.3107 -4533.3252
v  8673.4482 572.7604 -4532.3701
v  8665.9824 580.3561 -4538.6348
v  8665.9824 582.2189 -4538.6348
v  8664.3428 581.6169 -4538.9453
v  8664.3467 581.6934 -4538.9233
v  8664.3555 581.7360 -4538.9082
v  8662.6152 581.7958 -4539.6304
v  8662.6152 581.6276 -4539.6758
v  8662.6152 581.4849 -4539.7754
v  8664.3291 581.5153 -4539.0225
v  8664.3096 581.4434 -4539.1328
v  8662.6152 581.3849 -4539.9180
v  8662.6152 581.3398 -4540.0864
v  8664.2910 581.4103 -4539.2627
v  8664.2891 581.4136 -4539.2510
v  8664.3105 581.4221 -4539.3770
v  8662.6152 581.3550 -4540.2598
v  8664.3291 581.4752 -4539.4800
v  8662.6152 581.4286 -4540.4180
v  8664.3438 581.5632 -4539.5596
v  8662.6152 581.5518 -4540.5410
v  8662.6152 581.7097 -4540.6147
v  8664.3594 581.6749 -4539.6025
v  8664.3467 581.6088 -4539.5791
v  8664.3652 581.7974 -4539.6104
v  8662.6152 581.8832 -4540.6299
v  8662.6152 582.0515 -4540.5850
v  8664.3506 581.9174 -4539.5864
v  8664.3369 582.0200 -4539.5234
v  8662.6152 582.1943 -4540.4849
v  8662.6152 582.2943 -4540.3418
v  8664.3203 582.0930 -4539.4307
v  8662.6152 582.3394 -4540.1738
v  8664.3008 582.1276 -4539.3203
v  8662.6152 582.3242 -4540.0000
v  8662.6152 582.2505 -4539.8423
v  8664.3203 582.0618 -4539.0742
v  8664.2988 582.1171 -4539.1973
v  8662.6152 582.1273 -4539.7192
v  8664.3369 581.9724 -4538.9790
v  8662.6152 581.7073 -4538.6191
v  8662.6152 582.2322 -4538.6650
v  8661.6611 582.2322 -4538.6650
v  8661.6611 581.7073 -4538.6191
v  8661.6611 581.1984 -4538.7549
v  8662.6152 581.1984 -4538.7549
v  8661.6611 580.4647 -4539.4893
v  8661.6611 580.3282 -4539.9980
v  8662.6152 580.3282 -4539.9980
v  8662.6152 580.4647 -4539.4893
v  8661.6611 580.3741 -4540.5225
v  8661.6611 580.5969 -4541.0000
v  8662.6152 580.5969 -4541.0000
v  8662.6152 580.3741 -4540.5225
v  8661.6611 580.9694 -4541.3730
v  8662.6152 580.9694 -4541.3730
v  8662.6152 582.9124 -4541.2031
v  8662.6152 582.4808 -4541.5049
v  8661.6611 582.4808 -4541.5049
v  8661.6611 582.9124 -4541.2031
v  8661.6611 583.2145 -4540.7715
v  8662.6152 583.2145 -4540.7715
v  8661.6611 583.3508 -4540.2627
v  8662.6152 583.3508 -4540.2627
v  8661.6611 583.3049 -4539.7373
v  8662.6152 583.3049 -4539.7373
v  8661.6611 583.0823 -4539.2598
v  8661.6611 582.7097 -4538.8877
v  8662.6152 582.7097 -4538.8877
v  8662.6152 583.0823 -4539.2598
v  8662.6152 581.9717 -4541.6416
v  8661.6611 581.9717 -4541.6416
v  8661.6611 581.4470 -4541.5957
v  8662.6152 581.4470 -4541.5957
v  8662.6152 580.7668 -4539.0576
v  8661.6611 580.7668 -4539.0576
v  8664.3477 581.8594 -4538.9224
v  8662.6152 581.9694 -4539.6455
v  8665.5820 580.9415 -4540.1348
v  8665.4258 580.8234 -4540.1914
v  8665.5059 580.6429 -4540.6426
v  8665.7520 580.7845 -4540.6533
v  8665.9355 581.0015 -4540.6709
v  8665.6875 581.0942 -4540.0957
v  8665.7031 581.1409 -4540.0903
v  8666.0322 581.2676 -4540.6914
v  8665.7490 581.2681 -4540.0879
v  8665.7490 581.4523 -4540.0850
v  8665.7207 581.5287 -4540.0840
v  8665.6914 581.6290 -4540.0947
v  8666.0322 581.5507 -4540.7139
v  8665.9355 581.8168 -4540.7349
v  8665.7520 582.0336 -4540.7520
v  8665.5820 581.7880 -4540.1338
v  8665.4238 581.9111 -4540.1914
v  8665.5059 582.1752 -4540.7632
v  8665.2266 582.2244 -4540.7666
v  8665.2266 581.9476 -4540.1953
v  8665.4141 581.9149 -4540.1953
v  8664.9473 582.1752 -4540.7632
v  8665.0312 581.9044 -4540.1772
v  8665.0811 581.9218 -4540.1953
v  8664.7012 582.0336 -4540.7520
v  8664.8750 581.7827 -4540.1201
v  8664.7695 581.6273 -4540.0820
v  8664.5186 581.8168 -4540.7349
v  8664.7676 581.6254 -4540.0820
v  8664.8770 580.9456 -4540.1211
v  8664.7959 581.0610 -4540.0918
v  8664.7676 581.0950 -4540.0908
v  8664.5186 581.0015 -4540.6709
v  8664.7012 580.7845 -4540.6533
v  8665.0312 580.8289 -4540.1772
v  8664.9473 580.6429 -4540.6426
v  8665.2266 580.5938 -4540.6387
v  8665.2266 580.7864 -4540.1953
v  8665.0811 580.8123 -4540.1953
v  8664.9473 580.3511 -4542.5254
v  8665.2266 580.3035 -4542.5127
v  8664.9473 580.0959 -4544.4033
v  8665.2266 580.0483 -4544.3896
v  8665.5059 580.3511 -4542.5254
v  8665.5059 580.0959 -4544.4033
v  8665.7520 580.2327 -4544.4409
v  8665.7520 580.4882 -4542.5625
v  8665.9355 580.4424 -4544.4990
v  8665.9355 580.6984 -4542.6182
v  8666.0322 580.6996 -4544.5703
v  8666.0322 580.9562 -4542.6875
v  8665.9355 581.2307 -4544.7168
v  8665.9355 581.4885 -4542.8301
v  8666.0322 581.2307 -4542.7607
v  8666.0322 580.9734 -4544.6460
v  8665.7520 581.4404 -4544.7754
v  8665.7520 581.6987 -4542.8862
v  8665.5059 581.8358 -4542.9229
v  8665.5059 581.5773 -4544.8130
v  8665.2266 581.6248 -4544.8262
v  8665.2266 581.8834 -4542.9355
v  8664.9473 581.8358 -4542.9229
v  8664.9473 581.5773 -4544.8130
v  8664.7012 581.4404 -4544.7754
v  8664.7012 581.6987 -4542.8862
v  8664.5186 581.2307 -4544.7168
v  8664.5186 581.4885 -4542.8301
v  8664.4219 581.2307 -4542.7607
v  8664.4219 580.9734 -4544.6460
v  8664.4219 580.9562 -4542.6875
v  8664.4219 580.6996 -4544.5703
v  8664.5186 580.4424 -4544.4990
v  8664.5186 580.6984 -4542.6182
v  8664.7012 580.4882 -4542.5625
v  8664.7012 580.2327 -4544.4409
v  8664.5186 579.9078 -4546.2485
v  8664.7012 579.6987 -4546.1885
v  8664.9473 579.5621 -4546.1494
v  8664.9453 578.9219 -4548.0796
v  8664.6992 579.0519 -4548.1377
v  8665.2266 579.5148 -4546.1357
v  8665.2266 578.8766 -4548.0596
v  8665.5059 579.5621 -4546.1494
v  8665.5078 578.9219 -4548.0796
v  8665.7539 579.0519 -4548.1377
v  8665.7520 579.6987 -4546.1885
v  8665.9355 579.9078 -4546.2485
v  8665.9375 579.2513 -4548.2266
v  8666.0352 579.4960 -4548.3359
v  8666.0322 580.1646 -4546.3218
v  8666.0352 579.7562 -4548.4526
v  8666.0322 580.4376 -4546.3999
v  8665.9375 580.0009 -4548.5620
v  8665.9355 580.6942 -4546.4736
v  8665.7520 580.9033 -4546.5332
v  8665.7539 580.2001 -4548.6514
v  8665.5059 581.0399 -4546.5723
v  8665.5078 580.3303 -4548.7090
v  8665.2266 580.3755 -4548.7295
v  8665.2266 581.0873 -4546.5859
v  8664.9453 580.3303 -4548.7090
v  8664.9473 581.0399 -4546.5723
v  8664.7012 580.9033 -4546.5332
v  8664.6992 580.2001 -4548.6514
v  8664.5186 580.6942 -4546.4736
v  8664.5156 580.0009 -4548.5620
v  8664.4180 579.7562 -4548.4526
v  8664.4219 580.4376 -4546.3999
v  8664.4180 579.4960 -4548.3359
v  8664.4219 580.1646 -4546.3218
v  8664.5156 579.2513 -4548.2266
v  8664.4150 578.3976 -4550.5020
v  8664.5137 578.1702 -4550.3589
v  8664.6973 577.9846 -4550.2422
v  8664.5098 576.4761 -4551.7661
v  8664.6953 576.3824 -4551.5830
v  8664.9434 576.3212 -4551.4629
v  8664.9453 577.8635 -4550.1655
v  8665.2266 576.3000 -4551.4214
v  8665.2266 577.8215 -4550.1392
v  8665.5088 577.8635 -4550.1655
v  8665.5098 576.3212 -4551.4629
v  8665.7559 577.9846 -4550.2422
v  8665.7578 576.3824 -4551.5830
v  8665.9434 576.4761 -4551.7661
v  8665.9404 578.1702 -4550.3589
v  8666.0410 576.5911 -4551.9912
v  8666.0391 578.3976 -4550.5020
v  8666.0410 576.7136 -4552.2305
v  8666.0391 578.6398 -4550.6548
v  8665.9434 576.8284 -4552.4556
v  8665.9404 578.8672 -4550.7979
v  8665.7578 576.9221 -4552.6387
v  8665.7559 579.0527 -4550.9150
v  8665.5098 576.9833 -4552.7588
v  8665.5088 579.1738 -4550.9912
v  8665.2266 577.0046 -4552.7998
v  8665.2266 579.2158 -4551.0176
v  8664.9434 576.9833 -4552.7588
v  8664.9453 579.1738 -4550.9912
v  8664.6973 579.0527 -4550.9150
v  8664.6953 576.9221 -4552.6387
v  8664.5098 576.8284 -4552.4556
v  8664.5137 578.8672 -4550.7979
v  8664.4121 576.7134 -4552.2305
v  8664.4150 578.6398 -4550.6548
v  8664.4121 576.5911 -4551.9912
v  8664.4092 573.5472 -4552.9785
v  8664.4092 573.4653 -4552.7021
v  8664.4023 569.5143 -4553.8672
v  8664.4023 569.4877 -4553.5776
v  8664.5020 569.4626 -4553.3057
v  8664.5078 573.3881 -4552.4424
v  8664.6895 569.4423 -4553.0840
v  8664.6934 573.3253 -4552.2305
v  8664.9414 569.4290 -4552.9395
v  8664.9434 573.2844 -4552.0923
v  8665.2266 569.4243 -4552.8892
v  8665.2266 573.2701 -4552.0439
v  8665.5127 569.4290 -4552.9395
v  8665.5107 573.2844 -4552.0923
v  8665.7646 569.4423 -4553.0840
v  8665.7607 573.3253 -4552.2305
v  8665.9453 573.3881 -4552.4424
v  8665.9512 569.4626 -4553.3057
v  8666.0449 573.4653 -4552.7021
v  8666.0508 569.4877 -4553.5776
v  8666.0508 569.5143 -4553.8672
v  8666.0449 573.5472 -4552.9785
v  8665.9512 569.5394 -4554.1387
v  8665.9453 573.6243 -4553.2383
v  8665.7607 573.6871 -4553.4502
v  8665.7646 569.5598 -4554.3604
v  8665.5127 569.5731 -4554.5049
v  8665.5107 573.7280 -4553.5884
v  8665.2266 569.5778 -4554.5552
v  8665.2266 573.7424 -4553.6362
v  8664.9414 569.5731 -4554.5049
v  8664.9434 573.7280 -4553.5884
v  8664.6934 573.6871 -4553.4502
v  8664.6895 569.5598 -4554.3604
v  8664.5020 569.5394 -4554.1387
v  8664.5078 573.6243 -4553.2383
v  8664.6875 565.8983 -4554.3916
v  8664.5000 565.8705 -4554.1699
v  8664.4004 565.8365 -4553.8984
v  8664.4971 562.0165 -4554.0801
v  8664.3965 561.9973 -4553.8057
v  8664.3965 561.9769 -4553.5137
v  8664.4004 565.8002 -4553.6094
v  8664.5000 565.7662 -4553.3379
v  8664.4971 561.9578 -4553.2393
v  8664.6855 561.9420 -4553.0156
v  8664.6875 565.7385 -4553.1162
v  8664.9385 561.9318 -4552.8701
v  8664.9395 565.7203 -4552.9717
v  8665.2266 561.9282 -4552.8193
v  8665.2266 565.7141 -4552.9209
v  8665.5156 561.9318 -4552.8701
v  8665.5137 565.7203 -4552.9717
v  8665.7686 561.9420 -4553.0156
v  8665.7666 565.7385 -4553.1162
v  8665.9570 561.9578 -4553.2393
v  8665.9541 565.7662 -4553.3379
v  8666.0566 561.9769 -4553.5137
v  8666.0537 565.8002 -4553.6094
v  8666.0566 561.9973 -4553.8057
v  8666.0537 565.8365 -4553.8984
v  8665.9570 562.0165 -4554.0801
v  8665.9541 565.8705 -4554.1699
v  8665.7666 565.8983 -4554.3916
v  8665.7686 562.0322 -4554.3037
v  8665.5156 562.0424 -4554.4497
v  8665.5137 565.9164 -4554.5361
v  8665.2266 562.0460 -4554.5005
v  8665.2266 565.9227 -4554.5869
v  8664.9385 562.0424 -4554.4497
v  8664.9395 565.9164 -4554.5361
v  8664.6855 562.0322 -4554.3037
v  8664.9365 557.2576 -4554.2026
v  8664.6816 557.2761 -4554.0566
v  8664.4922 557.3046 -4553.8320
v  8664.6797 552.0491 -4553.4976
v  8664.4883 552.0635 -4553.2812
v  8664.3906 557.3397 -4553.5576
v  8664.3877 552.0812 -4553.0156
v  8664.3877 552.1000 -4552.7334
v  8664.3906 557.3768 -4553.2651
v  8664.4883 552.1176 -4552.4678
v  8664.4922 557.4119 -4552.9902
v  8664.6797 552.1320 -4552.2515
v  8664.6816 557.4404 -4552.7661
v  8664.9365 557.4589 -4552.6201
v  8664.9355 552.1414 -4552.1104
v  8665.2266 552.1447 -4552.0615
v  8665.2266 557.4655 -4552.5693
v  8665.5176 552.1414 -4552.1104
v  8665.5176 557.4589 -4552.6201
v  8665.7744 552.1320 -4552.2515
v  8665.7725 557.4404 -4552.7661
v  8665.9648 552.1176 -4552.4678
v  8665.9619 557.4119 -4552.9902
v  8666.0664 552.1000 -4552.7334
v  8666.0625 557.3768 -4553.2651
v  8666.0664 552.0812 -4553.0156
v  8666.0625 557.3397 -4553.5576
v  8665.9648 552.0635 -4553.2812
v  8665.9619 557.3046 -4553.8320
v  8665.7725 557.2761 -4554.0566
v  8665.7744 552.0491 -4553.4976
v  8665.5176 552.0397 -4553.6387
v  8665.5176 557.2576 -4554.2026
v  8665.2266 552.0366 -4553.6875
v  8665.2266 557.2510 -4554.2534
v  8664.9355 552.0397 -4553.6387
v  8664.9336 547.2944 -4553.4644
v  8665.2266 547.2943 -4553.5117
v  8665.2266 543.3105 -4553.3281
v  8664.9336 543.3107 -4553.2803
v  8664.6777 547.2944 -4553.3281
v  8664.6777 543.3107 -4553.1445
v  8664.4863 543.3110 -4552.9355
v  8664.4863 547.2947 -4553.1191
v  8664.3848 543.3113 -4552.6797
v  8664.3848 547.2950 -4552.8633
v  8664.4863 547.2957 -4552.3350
v  8664.3848 547.2953 -4552.5908
v  8664.3848 543.3116 -4552.4072
v  8664.4863 543.3120 -4552.1514
v  8664.6777 543.3121 -4551.9429
v  8664.6777 547.2958 -4552.1270
v  8664.9336 547.2960 -4551.9902
v  8664.9336 543.3123 -4551.8066
v  8665.2266 547.2960 -4551.9434
v  8665.2266 543.3123 -4551.7593
v  8665.5195 547.2960 -4551.9902
v  8665.5195 543.3123 -4551.8066
v  8665.7764 543.3121 -4551.9429
v  8665.7764 547.2958 -4552.1270
v  8665.9668 543.3120 -4552.1514
v  8665.9668 547.2957 -4552.3350
v  8666.0684 547.2953 -4552.5908
v  8666.0684 543.3116 -4552.4072
v  8665.7764 543.3107 -4553.1445
v  8665.7764 547.2944 -4553.3281
v  8665.9668 547.2947 -4553.1191
v  8665.9668 543.3110 -4552.9355
v  8665.5195 543.3107 -4553.2803
v  8665.5195 547.2944 -4553.4644
v  8665.9668 536.9539 -4552.8555
v  8666.0684 536.9542 -4552.5996
v  8667.2188 531.6511 -4552.8018
v  8666.9785 531.6503 -4553.4072
v  8666.5273 531.6497 -4553.9009
v  8665.7764 536.9537 -4553.0635
v  8666.5273 531.6530 -4551.0591
v  8665.7764 536.9550 -4551.8623
v  8665.5195 536.9551 -4551.7261
v  8665.9180 531.6533 -4550.7368
v  8665.2266 531.6534 -4550.6250
v  8665.2266 536.9553 -4551.6787
v  8664.9336 536.9551 -4551.7261
v  8664.6777 536.9550 -4551.8623
v  8663.9268 531.6530 -4551.0591
v  8664.5352 531.6533 -4550.7368
v  8665.9668 536.9548 -4552.0713
v  8666.9785 531.6525 -4551.5527
v  8667.2188 531.6517 -4552.1577
v  8666.0684 536.9545 -4552.3271
v  8664.3848 536.9542 -4552.5996
v  8664.4863 536.9539 -4552.8555
v  8663.4746 531.6503 -4553.4072
v  8663.2344 531.6511 -4552.8018
v  8663.2344 531.6517 -4552.1577
v  8664.3848 536.9545 -4552.3271
v  8663.4746 531.6525 -4551.5527
v  8664.4863 536.9548 -4552.0713
v  8663.9268 531.6498 -4553.9009
v  8664.5352 531.6495 -4554.2227
v  8665.2266 531.6494 -4554.3350
v  8665.9180 531.6495 -4554.2227
v  8665.2266 536.9534 -4553.2471
v  8665.5195 536.9536 -4553.2002
v  8664.9336 536.9536 -4553.2002
v  8664.6777 536.9537 -4553.0635
v  8666.0684 547.2950 -4552.8633
v  8664.4219 581.2676 -4540.6914
v  8664.7051 581.4523 -4540.0850
v  8664.4219 581.5507 -4540.7139
v  8664.7051 581.2681 -4540.0879
v  8665.4141 580.8195 -4540.1953
v  8662.7441 536.9518 -4528.9434
v  8662.4980 536.9518 -4528.9756
v  8662.5117 537.1539 -4529.0278
v  8661.3555 536.9518 -4529.4492
v  8658.2207 536.9518 -4531.3848
v  8657.9062 536.9518 -4531.6265
v  8657.9180 537.0167 -4531.6387
v  8657.8574 536.9518 -4531.6895
v  8655.0859 536.7756 -4536.1719
v  8654.9297 536.6141 -4536.1299
v  8654.5684 536.6141 -4538.8682
v  8654.6094 536.6552 -4538.8682
v  8654.5859 536.6141 -4539.0015
v  8654.8457 536.6141 -4540.9727
v  8654.9297 536.6141 -4541.6064
v  8654.9570 536.6422 -4541.5996
v  8654.9785 536.6141 -4541.7256
v  8659.6797 536.5181 -4548.3408
v  8657.5020 536.5516 -4546.5146
v  8657.3418 536.4905 -4546.6758
v  8659.6279 536.4905 -4548.4302
v  8662.8887 536.4905 -4549.6118
v  8662.3242 536.5256 -4549.4062
v  8662.2910 536.4905 -4549.5332
v  8664.2705 536.4905 -4549.7939
v  8665.1484 536.4905 -4549.9092
v  8665.1484 536.5214 -4549.7939
v  8666.0264 536.4905 -4549.7939
v  8667.7188 536.4905 -4549.5708
v  8668.0059 536.4905 -4549.5332
v  8667.9902 536.5073 -4549.4722
v  8669.3340 536.4905 -4548.9824
v  8673.2812 536.6141 -4547.0020
v  8672.9551 536.4905 -4546.6758
v  8671.1484 536.4905 -4548.0625
v  8670.6816 536.4976 -4548.4531
v  8670.8994 536.6141 -4548.8296
v  8672.8848 536.5173 -4546.6050
v  8673.2344 536.4905 -4546.3115
v  8673.6787 536.4905 -4545.7329
v  8674.7100 536.4905 -4544.3887
v  8674.5186 536.5497 -4544.2783
v  8675.8125 536.4905 -4541.7261
v  8676.1895 536.4905 -4538.8682
v  8675.8848 536.5720 -4538.8682
v  8675.9531 536.5405 -4539.2510
v  8675.5293 536.5692 -4541.6504
v  8675.8125 536.4905 -4536.0107
v  8675.4004 536.6049 -4536.1211
v  8674.7285 536.6141 -4534.5879
v  8674.3105 536.6141 -4533.5786
v  8674.1875 536.7568 -4533.6499
v  8673.6455 536.6141 -4532.7119
v  8673.2656 536.6141 -4532.2168
v  8672.6289 536.6141 -4531.3877
v  8672.4688 536.8412 -4531.5479
v  8670.5996 536.7339 -4529.9805
v  8670.4375 536.6141 -4529.7061
v  8670.3359 536.8193 -4529.8838
v  8667.8867 536.6141 -4528.6494
v  8667.8027 536.9379 -4528.9619
v  8665.7715 536.9518 -4528.7090
v  8665.1484 536.9518 -4528.6270
v  8665.1484 537.2582 -4528.7090
v  8668.0059 536.4905 -4528.2036
v  8665.1484 536.4905 -4527.8276
v  8665.1484 536.6141 -4528.2891
v  8665.1484 536.6141 -4527.3662
v  8668.1250 536.6141 -4527.7578
v  8668.2129 536.9518 -4527.4316
v  8665.1484 536.9518 -4527.0283
v  8665.1484 537.4133 -4526.9048
v  8668.2441 537.4133 -4527.3125
v  8668.2129 537.8746 -4527.4316
v  8665.1484 537.8746 -4527.0283
v  8668.1250 538.2122 -4527.7578
v  8665.1484 538.2122 -4527.3662
v  8668.0059 538.3358 -4528.2036
v  8665.1484 538.3358 -4527.8276
v  8667.8867 538.2122 -4528.6494
v  8665.1484 538.2122 -4528.2891
v  8670.4375 538.2122 -4529.7061
v  8670.3359 538.0070 -4529.8838
v  8667.8027 537.8884 -4528.9619
v  8673.2656 538.2122 -4532.2168
v  8672.4688 537.9852 -4531.5479
v  8672.6289 538.2122 -4531.3877
v  8673.6455 538.2122 -4532.7119
v  8674.3105 538.2122 -4533.5786
v  8674.1875 538.0696 -4533.6499
v  8674.7285 538.2122 -4534.5879
v  8675.8848 538.2545 -4538.8682
v  8675.4004 538.2216 -4536.1211
v  8675.8125 538.3358 -4536.0107
v  8676.1895 538.3358 -4538.8682
v  8673.6787 538.3358 -4545.7329
v  8674.5186 538.2767 -4544.2783
v  8674.7100 538.3358 -4544.3887
v  8673.2344 538.3358 -4546.3115
v  8672.9551 538.3358 -4546.6758
v  8672.8848 538.3091 -4546.6050
v  8671.1484 538.3358 -4548.0625
v  8669.3340 538.3358 -4548.9824
v  8668.0059 538.3358 -4549.5332
v  8667.9902 538.3190 -4549.4722
v  8667.7188 538.3358 -4549.5708
v  8666.0264 538.3358 -4549.7939
v  8665.1484 538.3358 -4549.9092
v  8665.1484 538.3049 -4549.7939
v  8664.2705 538.3358 -4549.7939
v  8662.8887 538.3358 -4549.6118
v  8662.2910 538.3358 -4549.5332
v  8662.3242 538.3007 -4549.4062
v  8659.6279 538.3358 -4548.4302
v  8659.6797 538.3083 -4548.3408
v  8659.8945 538.3312 -4548.5225
v  8657.5020 538.2748 -4546.5146
v  8657.3418 538.3358 -4546.6758
v  8654.9785 538.2122 -4541.7256
v  8654.9297 538.2122 -4541.6064
v  8654.9570 538.1843 -4541.5996
v  8654.8457 538.2122 -4540.9727
v  8654.5859 538.2122 -4539.0015
v  8654.5684 538.2122 -4538.8682
v  8654.6094 538.1713 -4538.8682
v  8654.9297 538.2122 -4536.1299
v  8655.0859 538.0508 -4536.1719
v  8657.8574 537.8746 -4531.6895
v  8657.9062 537.8746 -4531.6265
v  8657.9180 537.8098 -4531.6387
v  8658.2207 537.8746 -4531.3848
v  8661.3555 537.8746 -4529.4492
v  8659.9961 537.9382 -4529.9434
v  8659.8594 538.2122 -4529.7061
v  8662.4102 538.2122 -4528.6494
v  8662.4980 537.8746 -4528.9756
v  8662.5117 537.6724 -4529.0278
v  8662.7441 537.8746 -4528.9434
v  8659.6279 538.3358 -4529.3066
v  8662.2910 538.3358 -4528.2036
v  8659.3975 538.2122 -4528.9072
v  8662.1719 538.2122 -4527.7578
v  8659.2285 537.8746 -4528.6147
v  8662.0840 537.8746 -4527.4316
v  8659.1660 537.4133 -4528.5078
v  8662.0527 537.4133 -4527.3125
v  8659.2285 536.9518 -4528.6147
v  8662.0840 536.9518 -4527.4316
v  8659.3975 536.6141 -4528.9072
v  8662.1719 536.6141 -4527.7578
v  8659.6279 536.4905 -4529.3066
v  8662.2910 536.4905 -4528.2036
v  8662.4102 536.6141 -4528.6494
v  8659.8594 536.6141 -4529.7061
v  8657.3418 536.4905 -4531.0615
v  8657.6680 536.6141 -4531.3877
v  8655.5869 536.4905 -4533.3477
v  8657.0156 536.6141 -4530.7354
v  8655.1875 536.6141 -4533.1172
v  8655.9863 536.6141 -4533.5786
v  8654.0381 536.6141 -4535.8916
v  8654.4844 536.4905 -4536.0107
v  8653.6465 536.6141 -4538.8682
v  8654.1074 536.4905 -4538.8682
v  8654.0381 536.6141 -4541.8457
v  8654.4844 536.4905 -4541.7261
v  8653.7119 536.9518 -4541.9326
v  8653.3086 536.9518 -4538.8682
v  8653.1855 537.4133 -4538.8682
v  8653.5918 537.4133 -4541.9648
v  8653.3086 537.8746 -4538.8682
v  8653.7119 537.8746 -4541.9326
v  8653.6465 538.2122 -4538.8682
v  8654.0381 538.2122 -4541.8457
v  8654.1074 538.3358 -4538.8682
v  8654.4844 538.3358 -4541.7261
v  8654.4844 538.3358 -4536.0107
v  8654.0381 538.2122 -4535.8916
v  8655.1875 538.2122 -4533.1172
v  8655.5869 538.3358 -4533.3477
v  8655.9863 538.2122 -4533.5786
v  8657.0156 538.2122 -4530.7354
v  8657.3418 538.3358 -4531.0615
v  8657.6680 538.2122 -4531.3877
v  8654.8945 537.8746 -4532.9482
v  8656.7764 537.8746 -4530.4961
v  8654.7871 537.4133 -4532.8867
v  8656.6895 537.4133 -4530.4092
v  8654.8945 536.9518 -4532.9482
v  8656.7764 536.9518 -4530.4961
v  8653.5918 537.4133 -4535.7720
v  8653.7119 536.9518 -4535.8037
v  8653.7119 537.8746 -4535.8037
v  8654.8945 537.8746 -4544.7881
v  8655.1875 538.2122 -4544.6196
v  8657.0156 538.2122 -4547.0020
v  8656.7764 537.8746 -4547.2402
v  8656.6895 537.4133 -4547.3281
v  8654.7871 537.4133 -4544.8501
v  8656.7764 536.9518 -4547.2402
v  8654.8945 536.9518 -4544.7881
v  8657.0156 536.6141 -4547.0020
v  8655.1875 536.6141 -4544.6196
v  8655.5869 536.4905 -4544.3887
v  8659.3975 536.6141 -4548.8296
v  8659.2285 536.9518 -4549.1221
v  8662.0840 536.9518 -4550.3047
v  8662.1719 536.6141 -4549.9785
v  8665.1484 536.6141 -4550.3706
v  8665.1484 536.9518 -4550.7080
v  8668.1250 536.6141 -4549.9785
v  8668.2129 536.9518 -4550.3047
v  8671.0684 536.9518 -4549.1221
v  8673.5205 536.9518 -4547.2402
v  8671.1309 537.4133 -4549.2295
v  8673.6074 537.4133 -4547.3281
v  8671.0684 537.8746 -4549.1221
v  8673.5205 537.8746 -4547.2402
v  8670.8994 538.2122 -4548.8296
v  8673.2812 538.2122 -4547.0020
v  8668.1250 538.2122 -4549.9785
v  8668.2129 537.8746 -4550.3047
v  8665.1484 537.8746 -4550.7080
v  8665.1484 538.2122 -4550.3706
v  8662.0840 537.8746 -4550.3047
v  8662.1719 538.2122 -4549.9785
v  8659.3975 538.2122 -4548.8296
v  8659.2285 537.8746 -4549.1221
v  8662.0527 537.4133 -4550.4243
v  8659.1660 537.4133 -4549.2295
v  8675.4023 537.8746 -4544.7881
v  8675.1094 538.2122 -4544.6196
v  8676.2588 538.2122 -4541.8457
v  8676.5850 537.8746 -4541.9326
v  8675.5098 537.4133 -4544.8501
v  8676.7051 537.4133 -4541.9648
v  8676.5850 536.9518 -4541.9326
v  8675.4023 536.9518 -4544.7881
v  8676.2588 536.6141 -4541.8457
v  8675.1094 536.6141 -4544.6196
v  8676.6504 536.6141 -4538.8682
v  8676.9883 536.9518 -4538.8682
v  8676.5850 536.9518 -4535.8037
v  8676.2588 536.6141 -4535.8916
v  8675.1094 536.6141 -4533.1172
v  8675.4023 536.9518 -4532.9482
v  8674.7100 536.4905 -4533.3477
v  8673.5205 536.9518 -4530.4961
v  8673.2812 536.6141 -4530.7354
v  8672.9551 536.4905 -4531.0615
v  8670.8994 536.6141 -4528.9072
v  8670.6689 536.4905 -4529.3066
v  8671.0684 536.9518 -4528.6147
v  8673.6074 537.4133 -4530.4092
v  8671.1309 537.4133 -4528.5078
v  8673.5205 537.8746 -4530.4961
v  8671.0684 537.8746 -4528.6147
v  8670.8994 538.2122 -4528.9072
v  8673.2812 538.2122 -4530.7354
v  8672.9551 538.3358 -4531.0615
v  8670.6689 538.3358 -4529.3066
v  8674.7100 538.3358 -4533.3477
v  8675.1094 538.2122 -4533.1172
v  8676.2588 538.2122 -4535.8916
v  8676.6504 538.2122 -4538.8682
v  8676.9883 537.8746 -4538.8682
v  8676.5850 537.8746 -4535.8037
v  8676.7051 537.4133 -4535.7720
v  8677.1113 537.4133 -4538.8682
v  8675.4023 537.8746 -4532.9482
v  8675.5098 537.4133 -4532.8867
v  8675.8125 538.3358 -4541.7261
v  8668.2441 537.4133 -4550.4243
v  8655.5869 538.3358 -4544.3887
v  8665.7715 537.8746 -4528.7090
v  8665.1484 537.5681 -4528.7090
v  8665.1484 537.8746 -4528.6270
v  8664.5254 537.8746 -4528.7090
v  8664.5254 536.9518 -4528.7090
v  8665.7705 537.1050 -4553.0635
v  8665.7764 537.1042 -4553.0601
v  8665.5195 537.1127 -4553.1958
v  8665.5840 537.1146 -4553.1621
v  8665.2266 537.8320 -4551.6807
v  8665.4023 537.8306 -4551.7090
v  8665.5195 537.8378 -4551.7275
v  8664.9336 537.1058 -4551.7222
v  8664.7949 537.1099 -4551.7959
v  8664.6777 537.1038 -4551.8584
v  8664.6240 537.1075 -4551.9165
v  8664.4863 537.1027 -4552.0674
v  8664.3848 537.1010 -4552.3232
v  8664.3848 537.1066 -4552.4863
v  8664.3848 537.1028 -4552.5957
v  8664.4238 537.1099 -4552.6934
v  8664.4863 537.1091 -4552.8516
v  8664.5127 537.1127 -4552.8799
v  8664.6504 537.1176 -4553.0303
v  8664.6777 537.1157 -4553.0596
v  8665.5859 537.8251 -4553.1660
v  8665.7734 537.8347 -4553.0669
v  8665.8730 537.8724 -4553.1660
v  8665.6738 537.8724 -4553.3193
v  8665.2031 537.8184 -4553.2451
v  8665.1934 537.8184 -4553.2461
v  8665.1934 537.8154 -4553.2432
v  8664.9971 537.8184 -4553.2202
v  8665.0000 537.8096 -4553.2119
v  8664.9629 537.8184 -4553.2061
v  8664.8711 537.8184 -4553.1685
v  8664.8145 537.8184 -4553.1445
v  8664.8164 537.8123 -4553.1396
v  8664.7861 537.8184 -4553.1230
v  8664.6475 537.8218 -4553.0332
v  8664.5137 537.8724 -4553.1660
v  8664.3613 537.8724 -4552.9673
v  8664.5098 537.8267 -4552.8818
v  8664.2324 537.8724 -4552.4863
v  8664.2656 537.8724 -4552.2378
v  8664.4062 537.8334 -4552.2754
v  8664.3848 537.8372 -4552.3286
v  8664.3848 537.8317 -4552.4863
v  8664.3613 537.8724 -4552.0059
v  8664.4844 537.8342 -4552.0771
v  8665.1934 537.8724 -4551.5254
v  8665.1934 537.8293 -4551.6855
v  8664.9883 537.8276 -4551.7188
v  8664.9453 537.8724 -4551.5581
v  8665.7949 537.8428 -4551.8848
v  8665.8730 537.8724 -4551.8066
v  8666.0264 537.8724 -4552.0059
v  8665.9473 537.8480 -4552.0513
v  8666.0684 537.8492 -4552.4863
v  8666.1553 537.8724 -4552.4863
v  8666.1230 537.8724 -4552.7354
v  8666.0254 537.8456 -4552.7095
v  8666.0684 537.8533 -4552.6016
v  8666.0264 537.8724 -4552.9673
v  8665.9219 537.8400 -4552.9067
v  8665.9668 537.8463 -4552.8569
v  8666.3164 537.8184 -4552.7876
v  8666.2012 537.8184 -4553.0679
v  8666.4590 537.6708 -4552.8257
v  8666.3281 537.6708 -4553.1416
v  8666.5117 537.4691 -4552.8398
v  8666.3750 537.4691 -4553.1689
v  8666.4590 537.2675 -4552.8257
v  8666.3281 537.2675 -4553.1416
v  8666.2012 537.1199 -4553.0679
v  8666.3164 537.1199 -4552.7876
v  8666.1230 537.0659 -4552.7354
v  8666.0264 537.0659 -4552.9673
v  8666.1553 537.0659 -4552.4863
v  8666.1230 537.0659 -4552.2378
v  8666.0430 537.0878 -4552.2588
v  8666.0684 537.0833 -4552.3232
v  8666.0684 537.0891 -4552.4863
v  8666.0264 537.0659 -4552.0059
v  8665.9512 537.0892 -4552.0498
v  8665.9668 537.0870 -4552.0674
v  8665.8730 537.0659 -4551.8066
v  8665.7988 537.0945 -4551.8823
v  8665.2266 537.1049 -4551.6748
v  8665.4043 537.1063 -4551.7036
v  8665.4434 537.0659 -4551.5581
v  8665.1934 537.0659 -4551.5254
v  8665.1934 537.1074 -4551.6802
v  8664.9453 537.0659 -4551.5581
v  8664.9863 537.1091 -4551.7139
v  8664.5137 537.0659 -4551.8066
v  8664.3613 537.0659 -4552.0059
v  8664.4824 537.1035 -4552.0762
v  8664.2656 537.0659 -4552.2378
v  8664.4043 537.1044 -4552.2749
v  8664.2324 537.0659 -4552.4863
v  8664.2656 537.0659 -4552.7354
v  8664.3613 537.0659 -4552.9673
v  8664.8145 537.1199 -4553.1445
v  8664.8203 537.1312 -4553.1348
v  8664.7617 537.1199 -4553.1045
v  8664.9219 537.1199 -4553.1890
v  8664.9395 537.1199 -4553.1968
v  8664.9971 537.1199 -4553.2202
v  8665.0010 537.1346 -4553.2061
v  8665.2227 537.1199 -4553.2422
v  8665.1934 537.1287 -4553.2373
v  8665.1934 537.1199 -4553.2461
v  8665.2656 537.1199 -4553.2368
v  8665.3906 537.1199 -4553.2202
v  8665.3896 537.1238 -4553.2168
v  8665.4053 537.1199 -4553.2139
v  8665.8730 537.0659 -4553.1660
v  8665.9180 537.0994 -4552.9053
v  8665.7754 537.1199 -4553.4937
v  8666.0156 537.1199 -4553.3086
v  8665.6738 537.0659 -4553.3193
v  8665.8496 537.2675 -4553.6211
v  8666.1211 537.2675 -4553.4131
v  8665.8760 537.4691 -4553.6680
v  8666.1582 537.4691 -4553.4512
v  8665.8496 537.6708 -4553.6211
v  8666.1211 537.6708 -4553.4131
v  8666.0156 537.8184 -4553.3086
v  8665.7754 537.8184 -4553.4937
v  8665.5332 537.6708 -4553.7524
v  8665.4941 537.8184 -4553.6099
v  8665.4434 537.8724 -4553.4150
v  8665.1934 537.6708 -4553.7969
v  8665.1934 537.8184 -4553.6494
v  8665.1934 537.8724 -4553.4478
v  8664.8545 537.6708 -4553.7524
v  8664.8926 537.8184 -4553.6099
v  8664.9453 537.8724 -4553.4150
v  8664.6123 537.8184 -4553.4937
v  8664.7129 537.8724 -4553.3193
v  8664.3711 537.8184 -4553.3086
v  8664.1875 537.8184 -4553.0679
v  8664.2676 537.6708 -4553.4131
v  8664.0586 537.6708 -4553.1416
v  8664.2285 537.4691 -4553.4512
v  8664.0117 537.4691 -4553.1689
v  8664.0586 537.2675 -4553.1416
v  8664.2676 537.2675 -4553.4131
v  8664.3711 537.1199 -4553.3086
v  8664.1875 537.1199 -4553.0679
v  8664.5137 537.0659 -4553.1660
v  8664.6123 537.1199 -4553.4937
v  8664.5391 537.2675 -4553.6211
v  8664.7129 537.0659 -4553.3193
v  8664.8545 537.2675 -4553.7524
v  8664.8926 537.1199 -4553.6099
v  8664.9453 537.0659 -4553.4150
v  8665.1934 537.0659 -4553.4478
v  8665.1934 537.1199 -4553.6494
v  8665.4434 537.0659 -4553.4150
v  8665.4941 537.1199 -4553.6099
v  8665.5332 537.2675 -4553.7524
v  8665.1934 537.2675 -4553.7969
v  8665.1934 537.4691 -4553.8511
v  8665.5469 537.4691 -4553.8047
v  8664.8408 537.4691 -4553.8047
v  8664.5117 537.4691 -4553.6680
v  8664.5391 537.6708 -4553.6211
v  8664.0703 537.1199 -4552.7876
v  8663.9277 537.2675 -4552.8257
v  8664.0312 537.1199 -4552.4863
v  8663.8828 537.2675 -4552.4863
v  8663.8760 537.4691 -4552.8398
v  8663.8301 537.4691 -4552.4863
v  8663.8828 537.6708 -4552.4863
v  8663.9277 537.6708 -4552.8257
v  8664.0703 537.8184 -4552.7876
v  8664.0312 537.8184 -4552.4863
v  8664.2656 537.8724 -4552.7354
v  8663.9277 537.6708 -4552.1475
v  8664.0703 537.8184 -4552.1855
v  8664.1875 537.8184 -4551.9053
v  8664.0586 537.6708 -4551.8311
v  8664.3711 537.8184 -4551.6641
v  8664.2676 537.6708 -4551.5601
v  8664.5137 537.8724 -4551.8066
v  8664.5391 537.6708 -4551.3516
v  8664.6123 537.8184 -4551.4795
v  8664.7129 537.8724 -4551.6543
v  8664.8545 537.6708 -4551.2207
v  8664.8926 537.8184 -4551.3633
v  8665.1934 537.6708 -4551.1763
v  8665.1934 537.8184 -4551.3237
v  8665.5332 537.6708 -4551.2207
v  8665.4941 537.8184 -4551.3633
v  8665.4434 537.8724 -4551.5581
v  8665.8496 537.6708 -4551.3516
v  8665.7754 537.8184 -4551.4795
v  8665.6738 537.8724 -4551.6543
v  8666.1211 537.6708 -4551.5601
v  8666.0156 537.8184 -4551.6641
v  8666.3281 537.6708 -4551.8311
v  8666.2012 537.8184 -4551.9053
v  8666.4590 537.6708 -4552.1475
v  8666.3164 537.8184 -4552.1855
v  8666.1230 537.8724 -4552.2378
v  8666.5039 537.6708 -4552.4863
v  8666.3564 537.8184 -4552.4863
v  8666.5117 537.4691 -4552.1338
v  8666.5586 537.4691 -4552.4863
v  8666.4590 537.2675 -4552.1475
v  8666.5039 537.2675 -4552.4863
v  8666.3564 537.1199 -4552.4863
v  8666.3164 537.1199 -4552.1855
v  8666.2012 537.1199 -4551.9053
v  8666.3281 537.2675 -4551.8311
v  8666.1211 537.2675 -4551.5601
v  8666.0156 537.1199 -4551.6641
v  8665.8496 537.2675 -4551.3516
v  8665.7754 537.1199 -4551.4795
v  8665.6738 537.0659 -4551.6543
v  8665.7891 537.6708 -4550.6787
v  8665.8535 537.6387 -4550.6787
v  8665.8496 537.6708 -4550.6787
v  8665.8760 537.4691 -4551.3047
v  8666.1582 537.4691 -4551.5215
v  8665.7979 537.1649 -4550.6797
v  8665.7754 537.1199 -4550.6807
v  8665.8496 537.2675 -4550.7007
v  8665.7051 537.1199 -4550.6802
v  8665.4941 537.1199 -4551.3633
v  8665.1934 537.1199 -4551.3237
v  8664.8926 537.1199 -4551.3633
v  8664.7129 537.0659 -4551.6543
v  8664.6123 537.1199 -4551.4795
v  8664.5391 537.2675 -4551.3516
v  8664.6123 537.1199 -4550.6826
v  8664.5391 537.2675 -4550.7129
v  8664.3711 537.1199 -4551.6641
v  8664.2676 537.2675 -4551.5601
v  8664.0586 537.2675 -4551.8311
v  8664.1875 537.1199 -4551.9053
v  8663.9277 537.2675 -4552.1475
v  8664.0703 537.1199 -4552.1855
v  8663.8760 537.4691 -4552.1338
v  8664.0117 537.4691 -4551.8047
v  8664.2285 537.4691 -4551.5215
v  8664.5117 537.4691 -4551.3047
v  8664.5117 537.4691 -4550.7334
v  8664.5391 537.6708 -4550.6826
v  8666.3750 537.4691 -4551.8047
v  8667.4072 584.5532 -4540.6060
v  8665.0811 582.2375 -4540.1953
v  8664.7676 582.2545 -4540.0815
v  8664.5586 582.2623 -4539.9058
v  8664.5684 582.2925 -4540.7734
v  8664.5137 582.2697 -4539.8672
v  8664.3467 582.2665 -4538.9233
v  8665.7266 580.3561 -4540.0815
v  8664.7676 580.3561 -4540.0815
v  8664.5137 580.3561 -4539.8672
v  8665.4141 580.3561 -4538.3066
v  8665.7266 580.3561 -4538.4209
v  8664.2891 580.3561 -4539.2510
v  8664.3467 580.3561 -4539.5791
v  8665.0811 580.3561 -4540.1953
v  8665.4141 580.3561 -4540.1953
v  8664.3467 580.3561 -4538.9233
v  8664.3467 581.9316 -4539.5791
v  8664.2891 582.1226 -4539.2510
v  8664.3467 581.8610 -4538.9233
v  8659.8945 536.8558 -4529.9805
v  8659.9961 536.8882 -4529.9434
v  8656.2578 536.9285 -4533.7358
v  8657.0469 536.7208 -4532.3701
v  8655.1875 536.6465 -4535.5898
v  8654.5430 536.5936 -4539.2510
v  8655.9268 536.5958 -4544.1924
v  8655.1875 536.5436 -4542.9126
v  8657.0469 536.5167 -4546.1323
v  8659.8945 536.4951 -4548.5225
v  8675.3066 536.4941 -4542.9126
v  8675.3066 536.5734 -4535.5898
v  8667.1064 536.7761 -4528.7090
v  8667.1064 538.0502 -4528.7090
v  8670.5996 538.0925 -4529.9805
v  8675.5293 538.2573 -4541.6504
v  8675.9531 538.2861 -4539.2510
v  8675.3066 538.3323 -4542.9126
v  8670.5996 538.3201 -4548.5225
v  8670.6816 538.3287 -4548.4531
v  8657.0469 538.3096 -4546.1323
v  8655.9268 538.2307 -4544.1924
v  8655.1875 538.2827 -4542.9126
v  8656.2578 537.8981 -4533.7358
v  8655.1875 538.1799 -4535.5898
v  8657.0469 538.1057 -4532.3701
v  8663.3887 538.0242 -4528.7090
v  8659.8945 537.9708 -4529.9805
v  8654.5430 538.2328 -4539.2510
v  8663.3887 538.3047 -4549.7939
v  8673.4482 538.3196 -4546.1323
v  8675.3066 538.2531 -4535.5898
v  8673.4482 538.2263 -4532.3701
v  8673.4482 536.6002 -4532.3701
v  8673.4482 536.5068 -4546.1323
v  8670.5996 536.5063 -4548.5225
v  8667.1064 536.5286 -4549.7939
v  8663.3887 536.5217 -4549.7939
v  8663.3887 536.8022 -4528.7090
v  8665.2266 537.1196 -4553.2432
v  8665.9668 537.0927 -4552.8516
v  8666.0234 537.0933 -4552.7090
v  8666.0684 537.0851 -4552.5957
v  8665.7764 537.0930 -4551.8589
v  8665.5195 537.0991 -4551.7227
v  8665.6074 537.1016 -4551.7695
v  8664.9336 537.8311 -4551.7275
v  8664.9336 537.1196 -4553.1958
v  8665.3906 537.8188 -4553.2222
v  8665.5195 537.8270 -4553.2017
v  8665.2266 537.8201 -4553.2490
v  8664.4219 537.8290 -4552.6934
v  8664.4863 537.8298 -4552.8569
v  8664.3848 537.8356 -4552.6011
v  8664.6270 537.8298 -4551.9189
v  8664.4863 537.8347 -4552.0728
v  8664.7969 537.8271 -4551.7998
v  8664.6777 537.8333 -4551.8643
v  8665.6055 537.8354 -4551.7734
v  8665.7764 537.8441 -4551.8643
v  8666.0410 537.8500 -4552.2598
v  8665.9668 537.8508 -4552.0728
v  8666.0684 537.8549 -4552.3291
v  8665.8760 537.4691 -4550.7212
v  8664.6777 537.8239 -4553.0654
v  8664.9336 537.8201 -4553.2012
v  8665.7764 537.8350 -4553.0654
v  8667.1064 538.2977 -4549.7939
v  8665.8691 537.4133 -4550.7373
v  8665.1484 537.6708 -4550.7627
v  8665.1484 537.1199 -4550.7534
v  8664.5195 537.4133 -4550.7490
v  8666.0684 543.3113 -4552.6797
# 1433 vertices

vn 0.1948 -0.9807 -0.0175
vn 0.0675 -0.7052 -0.7058
vn 0.2016 -0.7099 -0.6748
vn 0.3270 -0.9450 -0.0073
vn -0.6929 0.7022 -0.1637
vn -0.6890 0.7101 -0.1450
vn -0.1561 0.7905 0.5922
vn -0.1346 0.9540 -0.2678
vn 0.0000 0.9651 -0.2620
vn -0.6973 0.1135 -0.7078
vn -0.6871 0.1608 -0.7085
vn 0.0000 0.2212 -0.9752
vn 0.0001 0.1581 -0.9874
vn 0.0011 0.9000 -0.4358
vn -0.3946 -0.4953 0.7739
vn -0.1169 -0.5541 0.8242
vn 0.0054 -0.5705 0.8213
vn 0.0776 -0.5405 0.8378
vn 0.3756 -0.5252 0.7636
vn 0.5275 -0.3293 0.7832
vn 0.5593 -0.2852 0.7784
vn 0.7491 0.0571 0.6600
vn 0.6382 0.3351 0.6931
vn 0.6137 0.3952 0.6835
vn 0.4913 0.6204 0.6113
vn 0.2846 0.5754 -0.7668
vn 0.2551 0.7583 0.5999
vn 0.0000 0.8182 0.5750
vn -0.2551 0.7583 0.5999
vn -0.2846 0.5754 -0.7668
vn -0.4818 0.6260 0.6132
vn -0.6161 0.4040 0.6762
vn -0.7100 0.2104 0.6720
vn -0.6786 -0.1413 0.7208
vn -0.5334 -0.3326 0.7777
vn 0.9996 -0.0048 0.0266
vn 0.9952 0.0051 0.0975
vn 0.9611 -0.2188 0.1684
vn 0.9861 -0.1533 0.0639
vn 0.1782 0.9488 -0.2609
vn 0.1350 0.9533 -0.2700
vn 0.0001 0.9601 -0.2798
vn -0.0000 0.9630 -0.2695
vn -0.0886 -0.9458 0.3126
vn 0.0260 -0.9504 0.3098
vn 0.0394 -0.9024 0.4290
vn -0.0610 -0.9168 0.3946
vn 0.6875 0.1601 -0.7083
vn 0.6733 0.3186 -0.6672
vn 0.6693 0.5236 -0.5271
vn 0.6732 0.6651 -0.3230
vn 0.6929 0.7022 -0.1638
vn 0.6963 0.7034 -0.1429
vn 0.9692 0.2448 -0.0261
vn -0.9673 -0.2524 0.0228
vn -0.5826 -0.0974 0.8069
vn -0.9939 -0.1089 0.0198
vn -0.7021 -0.0000 -0.7121
vn -0.7290 -0.1136 -0.6750
vn -0.9933 0.1126 0.0251
vn -0.9997 -0.0002 0.0225
vn -0.9923 -0.0008 0.1236
vn -0.9755 0.1675 0.1427
vn -0.0000 -0.9973 -0.0731
vn -0.1613 -0.9845 -0.0683
vn -0.1464 -0.9888 -0.0301
vn -0.0001 -0.9994 -0.0337
vn 0.9923 0.0037 0.1242
vn 0.9782 -0.1807 0.1025
vn 0.9920 -0.1245 0.0184
vn 0.9998 0.0008 0.0203
vn -0.0000 0.9861 0.1664
vn 0.1842 0.9684 0.1681
vn 0.1247 0.7315 -0.6704
vn -0.0000 0.7564 -0.6541
vn -0.2789 0.9446 0.1730
vn -0.1898 0.7173 -0.6704
vn -0.3773 0.3127 0.8717
vn -0.7492 0.6369 0.1819
vn -0.1247 0.7315 -0.6704
vn -0.1842 0.9684 0.1681
vn 0.2228 0.5753 0.7870
vn 0.4475 0.4861 0.7506
vn 0.7121 0.6776 0.1837
vn 0.2789 0.9446 0.1729
vn 0.1513 0.6040 0.7825
vn 0.3357 -0.9411 -0.0411
vn 0.2077 -0.9761 -0.0643
vn 0.1613 -0.9845 -0.0683
vn 0.1462 -0.9888 -0.0290
vn -0.1885 -0.7186 0.6693
vn -0.2339 -0.7098 0.6644
vn -0.3430 -0.9385 -0.0400
vn -0.2077 -0.9761 -0.0643
vn -0.1531 -0.7374 0.6579
vn -0.9902 -0.1136 0.0815
vn -0.9051 0.3734 0.2034
vn -0.9824 -0.1540 0.1061
vn -0.5132 0.4457 0.7335
vn -0.9575 0.2442 0.1536
vn -0.7268 0.3816 -0.5711
vn -0.6644 0.1799 0.7254
vn -0.9850 0.1694 0.0318
vn -0.7055 -0.0000 -0.7087
vn -0.7023 -0.0000 -0.7119
vn -0.1951 -0.9806 -0.0189
vn -0.3318 -0.9433 -0.0072
vn -0.1948 -0.7118 -0.6748
vn -0.0636 -0.7039 -0.7074
vn 0.9816 0.1884 0.0309
vn 0.8949 0.3595 0.2644
vn 0.9490 0.2740 0.1563
vn 0.9715 0.1877 0.1449
vn 0.9917 0.1263 0.0249
vn 0.5516 -0.4661 0.6918
vn 0.9386 0.2814 0.1994
vn 0.9956 -0.0296 0.0888
vn 0.6542 -0.2637 0.7089
vn 0.6898 0.0571 -0.7217
vn 0.7044 0.0000 -0.7098
vn 0.7015 0.0000 -0.7126
vn 0.7007 0.0000 -0.7135
vn 0.9787 -0.2041 0.0202
vn 0.7282 -0.1130 -0.6760
vn 0.9460 -0.3237 0.0196
vn -0.7786 0.0036 -0.6276
vn 0.0000 -0.7792 0.6268
vn 0.6772 -0.0146 0.7356
vn 0.0000 0.6476 0.7620
vn -0.2228 0.5753 0.7870
vn -0.1513 0.6040 0.7825
vn 0.1898 0.7173 -0.6704
vn 0.1885 -0.7186 0.6693
vn 0.2299 -0.7102 0.6654
vn 0.1531 -0.7374 0.6578
vn -0.5442 -0.4400 0.7143
vn -0.6866 -0.2455 0.6843
vn 0.6889 0.4028 -0.6027
vn 0.6176 0.2198 0.7552
vn 0.1826 -0.2955 0.9377
vn 0.4933 -0.8057 0.3278
vn -0.0331 -0.9503 0.3094
vn -0.0391 -0.9024 0.4292
vn -0.8710 -0.4248 0.2469
vn -0.1575 -0.9256 0.3443
vn -0.4827 -0.8117 0.3289
vn -0.5815 -0.5195 -0.6262
vn -0.7409 -0.6715 0.0098
vn -0.4195 -0.6324 0.6512
vn -0.7259 -0.6872 0.0280
vn 0.5836 -0.5161 -0.6269
vn 0.7162 -0.6979 0.0085
vn 0.6885 -0.7249 0.0199
vn 0.3842 -0.6500 0.6556
vn -0.6694 0.5239 -0.5268
vn -0.6733 0.6651 -0.3229
vn 0.0000 0.2211 -0.9753
vn -0.6733 0.3191 -0.6670
vn -0.2475 0.9362 -0.2497
vn -0.6581 0.7389 -0.1450
vn -0.1782 0.9488 -0.2609
vn 0.6669 0.7314 -0.1421
vn 0.2475 0.9362 -0.2497
vn -0.9639 -0.2494 0.0932
vn -0.1820 -0.2997 0.9365
vn -0.9275 -0.3161 0.1994
vn -0.9923 -0.1107 0.0556
vn -0.9809 -0.1328 0.1421
vn -0.9996 -0.0000 0.0270
vn -0.9884 0.1411 0.0565
vn -0.9952 0.0979 0.0046
vn -0.9458 0.3247 -0.0009
vn -0.9690 0.2455 -0.0274
vn -0.6973 0.1135 -0.7077
vn -0.6974 0.1135 -0.7076
vn -0.7015 0.1129 -0.7037
vn -0.7080 0.1039 -0.6985
vn -0.6896 0.0576 -0.7219
vn 0.9471 0.3209 0.0010
vn 0.9725 0.2315 0.0271
vn 0.9884 0.1515 -0.0098
vn 0.9309 -0.3075 0.1971
vn 0.6974 0.1129 -0.7077
vn 0.6958 0.1131 -0.7093
vn 0.6976 0.1128 -0.7076
vn 0.9655 -0.2425 0.0953
vn 0.7020 0.1122 -0.7033
vn 0.8470 -0.4652 0.2574
vn 0.1877 0.9500 -0.2495
vn 0.0000 0.9696 -0.2446
vn 0.0000 0.9631 -0.2691
vn 0.0001 0.1578 -0.9875
vn 0.0001 0.1579 -0.9875
vn 0.0065 0.8033 -0.5956
vn -0.0008 -0.5374 -0.8433
vn 0.0001 0.1582 -0.9874
vn 0.0002 0.1578 -0.9875
vn -0.0083 -0.5571 -0.8304
vn 0.0002 0.1579 -0.9875
vn 0.0002 0.1581 -0.9874
vn 0.0002 0.1582 -0.9874
vn 0.0095 0.8285 -0.5599
vn -0.0110 -0.5522 -0.8336
vn 0.0002 0.0791 -0.9969
vn 0.0002 0.0792 -0.9969
vn 0.0002 0.0793 -0.9969
vn 0.0002 0.0794 -0.9968
vn -0.0000 -0.5277 0.8494
vn -0.0006 -0.9292 0.3695
vn -0.0000 -0.5503 0.8350
vn 0.0018 -0.9498 0.3127
vn 0.0069 -0.9385 0.3451
vn 0.0606 -0.9168 0.3947
vn 0.0829 -0.9459 0.3137
vn 0.1205 -0.9299 0.3474
vn 0.3459 0.6745 -0.6522
vn 0.0923 0.6883 -0.7196
vn -0.0087 -0.7376 0.6752
vn -0.0008 -0.7068 -0.7075
vn 0.0460 -0.6937 -0.7188
vn 0.4871 -0.6821 -0.5454
vn -0.0142 -0.7106 -0.7035
vn 0.3509 -0.7343 -0.5811
vn -0.3090 0.6983 0.6457
vn -0.0675 0.6688 0.7404
vn 0.5018 -0.6995 0.5088
vn 0.0895 0.6369 0.7658
vn 0.3259 0.6574 0.6794
vn 0.7191 0.6946 0.0210
vn 0.6694 0.6883 0.2794
vn 0.6976 -0.6700 0.2539
vn 0.7423 -0.6700 0.0000
vn 0.6751 0.6977 -0.2397
vn 0.6976 -0.6700 -0.2539
vn 0.5687 -0.6700 -0.4772
vn 0.5424 0.6972 -0.4688
vn -0.6976 0.6700 -0.2539
vn -0.7423 0.6700 -0.0000
vn -0.6229 0.7663 0.1575
vn -0.5326 0.7672 -0.3576
vn -0.3712 -0.6701 0.6428
vn -0.4767 0.7073 0.5220
vn -0.5686 -0.6701 0.4771
vn -0.1289 -0.6701 0.7310
vn 0.4582 0.8731 0.1668
vn 0.3735 0.8731 0.3134
vn 0.7043 0.3934 0.5910
vn 0.8639 0.3934 0.3144
vn 0.4876 0.8731 0.0000
vn 0.9194 0.3934 0.0000
vn 0.4582 0.8731 -0.1668
vn 0.8639 0.3934 -0.3144
vn 0.7043 0.3934 -0.5910
vn 0.3735 0.8731 -0.3134
vn 0.2438 0.8731 -0.4223
vn 0.4597 0.3934 -0.7962
vn 0.1596 0.3934 -0.9054
vn 0.0847 0.8731 -0.4802
vn -0.1596 0.3934 -0.9054
vn -0.0847 0.8731 -0.4802
vn -0.4597 0.3934 -0.7962
vn -0.2438 0.8731 -0.4223
vn -0.7043 0.3934 -0.5910
vn -0.3735 0.8731 -0.3134
vn -0.8639 0.3934 -0.3144
vn -0.4298 0.8893 -0.1564
vn -0.9194 0.3934 0.0000
vn -0.4876 0.8731 0.0000
vn -0.8639 0.3934 0.3144
vn -0.4582 0.8731 0.1668
vn -0.7043 0.3934 0.5910
vn -0.3735 0.8731 0.3134
vn -0.4597 0.3934 0.7962
vn -0.2438 0.8731 0.4223
vn -0.0847 0.8731 0.4802
vn -0.1596 0.3934 0.9054
vn 0.1596 0.3934 0.9054
vn 0.0847 0.8731 0.4802
vn 0.4597 0.3934 0.7962
vn 0.2438 0.8731 0.4223
vn 0.3569 0.7003 0.6182
vn 0.1240 0.7003 0.7030
vn 0.5468 0.7003 0.4588
vn 0.3483 0.8907 0.2922
vn 0.2273 0.8907 0.3937
vn 0.4272 0.8907 0.1555
vn 0.6708 0.7003 0.2441
vn 0.4546 0.8907 -0.0000
vn 0.7138 0.7003 0.0000
vn 0.4272 0.8907 -0.1555
vn 0.6708 0.7003 -0.2441
vn 0.3483 0.8907 -0.2922
vn 0.5468 0.7003 -0.4588
vn 0.2273 0.8907 -0.3937
vn 0.3569 0.7003 -0.6182
vn 0.0789 0.8907 -0.4477
vn 0.1240 0.7003 -0.7030
vn -0.1240 0.7003 -0.7030
vn -0.0789 0.8907 -0.4477
vn -0.2273 0.8907 -0.3937
vn -0.3569 0.7003 -0.6182
vn -0.3483 0.8907 -0.2922
vn -0.5468 0.7003 -0.4588
vn -0.4272 0.8907 -0.1555
vn -0.6708 0.7003 -0.2441
vn -0.4546 0.8907 -0.0000
vn -0.7138 0.7003 0.0000
vn -0.6708 0.7003 0.2441
vn -0.4272 0.8907 0.1555
vn -0.3483 0.8907 0.2922
vn -0.5468 0.7003 0.4588
vn -0.3569 0.7003 0.6182
vn -0.2273 0.8907 0.3937
vn -0.0789 0.8907 0.4477
vn -0.1240 0.7003 0.7030
vn 0.0789 0.8907 0.4477
vn -0.1302 0.6620 0.7381
vn 0.1302 0.6620 0.7381
vn 0.3748 0.6620 0.6491
vn 0.1680 0.2537 0.9526
vn 0.4836 0.2537 0.8377
vn -0.1680 0.2537 0.9526
vn -0.6415 -0.7307 0.2335
vn 0.0986 -0.9945 -0.0359
vn 0.0804 -0.9945 -0.0675
vn -0.5230 -0.7306 0.4389
vn -0.3414 -0.7306 0.5913
vn 0.0525 -0.9945 -0.0909
vn 0.1050 -0.9945 0.0000
vn 0.0986 -0.9945 0.0359
vn 0.0804 -0.9945 0.0675
vn 0.0525 -0.9945 0.0909
vn 0.0182 -0.9945 0.1034
vn -0.0182 -0.9945 0.1034
vn -0.0525 -0.9945 0.0909
vn -0.0804 -0.9945 0.0675
vn -0.0986 -0.9945 0.0359
vn -0.1049 -0.9945 -0.0000
vn -0.0986 -0.9945 -0.0359
vn -0.0804 -0.9945 -0.0675
vn -0.0525 -0.9945 -0.0909
vn -0.0182 -0.9945 -0.1034
vn 0.0182 -0.9945 -0.1034
vn -0.6827 -0.7307 -0.0000
vn -0.6416 -0.7306 -0.2335
vn -0.5230 -0.7306 -0.4389
vn -0.3414 -0.7306 -0.5913
vn -0.1186 -0.7306 -0.6724
vn 0.1185 -0.7307 -0.6723
vn 0.3414 -0.7306 -0.5913
vn 0.5230 -0.7306 -0.4389
vn 0.6416 -0.7306 -0.2335
vn 0.6828 -0.7306 0.0000
vn 0.6416 -0.7306 0.2335
vn 0.5231 -0.7306 0.4389
vn 0.3413 -0.7307 0.5913
vn 0.1186 -0.7306 0.6724
vn -0.1186 -0.7306 0.6724
vn -0.3748 0.6620 0.6491
vn -0.4836 0.2537 0.8377
vn -0.5742 0.6620 0.4818
vn -0.7410 0.2537 0.6218
vn -0.7043 0.6620 0.2563
vn -0.9089 0.2537 0.3308
vn -0.7495 0.6620 -0.0000
vn -0.9673 0.2537 0.0000
vn -0.7043 0.6620 -0.2563
vn -0.9089 0.2537 -0.3308
vn -0.5742 0.6620 -0.4818
vn -0.7410 0.2537 -0.6218
vn -0.3748 0.6620 -0.6491
vn -0.4836 0.2537 -0.8377
vn -0.1302 0.6620 -0.7381
vn -0.1680 0.2537 -0.9526
vn 0.1302 0.6620 -0.7381
vn 0.1680 0.2537 -0.9526
vn 0.3748 0.6620 -0.6491
vn 0.4836 0.2537 -0.8377
vn 0.5742 0.6620 -0.4818
vn 0.7410 0.2537 -0.6218
vn 0.7043 0.6620 -0.2563
vn 0.9089 0.2537 -0.3308
vn 0.7495 0.6620 -0.0000
vn 0.9673 0.2537 0.0000
vn 0.7043 0.6620 0.2563
vn 0.9089 0.2537 0.3308
vn 0.5742 0.6620 0.4818
vn 0.7410 0.2537 0.6217
vn 0.5687 -0.6700 0.4772
vn 0.5341 0.6797 0.5027
vn 0.5900 -0.3824 0.7111
vn -0.7298 0.3407 -0.5927
vn 0.7209 -0.1138 0.6836
vn -0.8040 -0.0519 0.5924
vn -0.7948 -0.2667 0.5450
vn 0.4594 -0.6495 0.6058
vn 0.6002 -0.6109 0.5162
vn 0.6236 -0.7363 0.2628
vn -0.7213 -0.6405 0.2636
vn -0.6609 -0.7500 0.0275
vn 0.6436 -0.7378 0.2035
vn -0.7138 0.6818 -0.1601
vn 0.7287 -0.6830 -0.0499
vn -0.5960 -0.7646 -0.2452
vn 0.8009 -0.5431 -0.2522
vn -0.5381 -0.6701 -0.5113
vn 0.8513 -0.3569 -0.3845
vn -0.4948 -0.4774 -0.7261
vn -0.4688 -0.2157 -0.8566
vn 0.9429 -0.1699 -0.2865
vn -0.9418 0.2549 0.2193
vn 0.9535 0.0524 -0.2968
vn -0.4603 0.0772 -0.8844
vn -0.4692 0.3608 -0.8060
vn 0.9311 0.2675 -0.2479
vn 0.8445 0.4329 -0.3153
vn -0.4956 0.5958 -0.6320
vn -0.5393 0.7480 -0.3870
vn 0.7910 0.5923 -0.1529
vn -0.5974 0.7946 -0.1087
vn 0.7169 0.6937 0.0695
vn -0.6623 0.7326 0.1571
vn -0.7225 0.5839 0.3703
vn 0.6341 0.6678 0.3898
vn 0.6699 0.7313 0.1281
vn -0.7681 0.3851 0.5116
vn 0.6093 0.4947 0.6197
vn 0.6700 -0.0647 0.7395
vn 0.6700 0.1921 0.7170
vn -0.6700 0.1921 0.7170
vn -0.6701 -0.0647 0.7395
vn -0.6700 -0.3137 0.6728
vn 0.7099 -0.2977 0.6383
vn -0.6700 -0.6728 0.3137
vn -0.6700 -0.7395 0.0647
vn 0.6700 -0.7395 0.0647
vn 0.6701 -0.6728 0.3137
vn -0.6701 -0.7170 -0.1921
vn -0.6700 -0.6081 -0.4258
vn 0.6701 -0.6080 -0.4258
vn 0.6700 -0.7171 -0.1922
vn -0.6700 -0.4258 -0.6081
vn 0.6700 -0.4258 -0.6081
vn 0.6700 0.5249 -0.5249
vn 0.6700 0.3137 -0.6728
vn -0.6700 0.3137 -0.6728
vn -0.6700 0.5249 -0.5249
vn -0.6701 0.6728 -0.3137
vn 0.6700 0.6728 -0.3137
vn -0.6700 0.7395 -0.0647
vn 0.6700 0.7395 -0.0647
vn -0.6700 0.7170 0.1921
vn 0.6700 0.7170 0.1921
vn -0.6700 0.6081 0.4258
vn -0.6700 0.4258 0.6081
vn 0.6700 0.4258 0.6081
vn 0.6700 0.6081 0.4258
vn 0.6700 0.0647 -0.7395
vn -0.6700 0.0647 -0.7395
vn -0.6700 -0.1921 -0.7170
vn 0.6700 -0.1921 -0.7170
vn 0.6700 -0.5249 0.5249
vn -0.6700 -0.5249 0.5249
vn 0.7120 0.3041 0.6329
vn -0.7952 0.1677 0.5826
vn 0.2027 -0.4728 0.8576
vn 0.0259 -0.5662 0.8238
vn 0.3390 -0.9006 0.2720
vn 0.6351 -0.7267 0.2617
vn 0.8520 -0.4625 0.2453
vn 0.3400 -0.3174 0.8852
vn 0.3451 -0.2081 0.9152
vn 0.9642 -0.1416 0.2240
vn 0.5682 -0.1183 0.8143
vn 0.5692 0.0825 0.8181
vn 0.3498 0.1957 0.9161
vn 0.3419 0.2989 0.8909
vn 0.9598 0.1965 0.2003
vn 0.8408 0.5116 0.1771
vn 0.6222 0.7668 0.1575
vn 0.2039 0.4559 0.8663
vn 0.0259 0.5493 0.8352
vn 0.3305 0.9327 0.1446
vn 0.0000 0.9902 0.1400
vn -0.0007 0.5709 0.8210
vn 0.0430 -0.4878 -0.8719
vn -0.3305 0.9327 0.1446
vn -0.0250 0.5504 0.8345
vn -0.0407 -0.4981 -0.8662
vn -0.6222 0.7668 0.1575
vn -0.2044 0.4556 0.8664
vn -0.2493 0.3511 0.9025
vn -0.8408 0.5116 0.1771
vn -0.5015 0.2720 0.8213
vn -0.2024 -0.4730 0.8575
vn -0.2463 -0.3682 0.8965
vn -0.4991 -0.3065 0.8105
vn -0.8520 -0.4625 0.2453
vn -0.6351 -0.7267 0.2617
vn -0.0245 -0.5673 0.8231
vn -0.3390 -0.9006 0.2720
vn 0.0000 -0.9613 0.2755
vn -0.0003 -0.5883 0.8087
vn -0.0391 0.5124 -0.8579
vn -0.3398 -0.9307 0.1355
vn -0.0000 -0.9896 0.1440
vn -0.3445 -0.9171 0.2006
vn -0.0000 -0.9769 0.2137
vn 0.3398 -0.9307 0.1355
vn 0.3445 -0.9171 0.2006
vn 0.6467 -0.7451 0.1632
vn 0.6398 -0.7605 0.1107
vn 0.8696 -0.4823 0.1059
vn 0.8642 -0.4979 0.0725
vn -0.1658 -0.9627 0.2137
vn 0.9844 -0.1739 0.0253
vn 0.8619 0.4954 -0.1084
vn 0.8651 0.4962 -0.0728
vn -0.1737 0.9743 -0.1433
vn 0.9832 0.1784 -0.0386
vn 0.6379 0.7522 -0.1652
vn 0.6409 0.7595 -0.1115
vn 0.3405 0.9303 -0.1366
vn 0.3388 0.9189 -0.2022
vn 0.0000 0.9766 -0.2150
vn -0.0000 0.9894 -0.1453
vn -0.3405 0.9303 -0.1366
vn -0.3388 0.9189 -0.2022
vn -0.6379 0.7522 -0.1652
vn -0.6409 0.7595 -0.1115
vn -0.8619 0.4954 -0.1084
vn -0.8651 0.4962 -0.0728
vn 0.1736 0.9743 -0.1433
vn -0.9832 0.1784 -0.0386
vn -0.9844 -0.1740 0.0253
vn 0.1658 -0.9627 0.2137
vn -0.8696 -0.4823 0.1059
vn -0.8642 -0.4979 0.0725
vn -0.6399 -0.7605 0.1107
vn -0.6467 -0.7451 0.1632
vn -0.8665 -0.4755 0.1521
vn -0.6432 -0.7294 0.2328
vn -0.3423 -0.8952 0.2854
vn -0.3446 -0.8665 0.3612
vn -0.6468 -0.7038 0.2939
vn -0.0000 -0.9528 0.3036
vn -0.0000 -0.9231 0.3845
vn 0.3423 -0.8952 0.2854
vn 0.3446 -0.8665 0.3612
vn 0.6468 -0.7038 0.2939
vn 0.6432 -0.7294 0.2328
vn 0.8665 -0.4755 0.1521
vn 0.8695 -0.4554 0.1910
vn 0.9862 -0.1523 0.0651
vn 0.9850 -0.1641 0.0530
vn 0.9834 0.1683 -0.0685
vn 0.9846 0.1669 -0.0525
vn 0.8624 0.4677 -0.1937
vn 0.8654 0.4777 -0.1517
vn 0.6420 0.7306 -0.2325
vn 0.6387 0.7105 -0.2955
vn 0.3414 0.8956 -0.2853
vn 0.3393 0.8683 -0.3618
vn 0.0000 0.9230 -0.3848
vn 0.0000 0.9528 -0.3036
vn -0.3393 0.8683 -0.3618
vn -0.3414 0.8956 -0.2853
vn -0.6419 0.7306 -0.2325
vn -0.6387 0.7105 -0.2955
vn -0.8653 0.4777 -0.1517
vn -0.8624 0.4677 -0.1937
vn -0.9834 0.1683 -0.0685
vn -0.9846 0.1669 -0.0525
vn -0.9862 -0.1523 0.0651
vn -0.9850 -0.1641 0.0530
vn -0.8695 -0.4554 0.1910
vn -0.9883 -0.1191 0.0948
vn -0.8745 -0.3783 0.3037
vn -0.6516 -0.5922 0.4740
vn -0.8641 -0.2199 0.4527
vn -0.6322 -0.3381 0.6971
vn -0.3317 -0.4113 0.8490
vn -0.3474 -0.7331 0.5846
vn -0.0000 -0.4358 0.9000
vn -0.0000 -0.7823 0.6229
vn 0.3474 -0.7331 0.5846
vn 0.3316 -0.4113 0.8490
vn 0.6516 -0.5922 0.4740
vn 0.6322 -0.3381 0.6971
vn 0.8641 -0.2199 0.4527
vn 0.8745 -0.3783 0.3037
vn 0.9875 -0.0688 0.1420
vn 0.9883 -0.1191 0.0948
vn 0.9777 0.0935 -0.1879
vn 0.9804 0.1523 -0.1252
vn 0.8408 0.2412 -0.4846
vn 0.8545 0.4029 -0.3279
vn 0.6079 0.3549 -0.7103
vn 0.6292 0.6041 -0.4890
vn 0.3169 0.4248 -0.8480
vn 0.3330 0.7339 -0.5920
vn -0.0000 0.4483 -0.8939
vn 0.0000 0.7788 -0.6273
vn -0.3169 0.4248 -0.8480
vn -0.3330 0.7339 -0.5920
vn -0.6292 0.6041 -0.4890
vn -0.6079 0.3549 -0.7103
vn -0.8408 0.2412 -0.4846
vn -0.8545 0.4029 -0.3279
vn -0.9777 0.0935 -0.1879
vn -0.9804 0.1523 -0.1252
vn -0.9875 -0.0688 0.1420
vn -0.9846 0.0400 -0.1701
vn -0.9848 -0.0368 0.1698
vn -0.9828 0.0222 -0.1835
vn -0.9867 -0.0169 0.1616
vn -0.8710 -0.0542 0.4883
vn -0.8654 -0.1065 0.4896
vn -0.6484 -0.0851 0.7565
vn -0.6415 -0.1613 0.7499
vn -0.3457 -0.1054 0.9324
vn -0.3409 -0.1961 0.9194
vn -0.0000 -0.1125 0.9937
vn -0.0000 -0.2080 0.9781
vn 0.3457 -0.1054 0.9324
vn 0.3409 -0.1961 0.9194
vn 0.6484 -0.0851 0.7565
vn 0.6415 -0.1613 0.7499
vn 0.8654 -0.1065 0.4896
vn 0.8710 -0.0542 0.4883
vn 0.9848 -0.0368 0.1698
vn 0.9867 -0.0169 0.1616
vn 0.9828 0.0222 -0.1835
vn 0.9846 0.0400 -0.1701
vn 0.8610 0.0583 -0.5053
vn 0.8651 0.1144 -0.4883
vn 0.6414 0.1764 -0.7466
vn 0.6371 0.0873 -0.7658
vn 0.3383 0.1060 -0.9350
vn 0.3410 0.2176 -0.9145
vn 0.0000 0.1124 -0.9937
vn 0.0000 0.2320 -0.9727
vn -0.3383 0.1060 -0.9350
vn -0.3410 0.2176 -0.9145
vn -0.6414 0.1764 -0.7466
vn -0.6371 0.0873 -0.7658
vn -0.8610 0.0583 -0.5053
vn -0.8651 0.1143 -0.4883
vn -0.6387 -0.0051 -0.7694
vn -0.8634 -0.0032 -0.5045
vn -0.9842 -0.0008 -0.1768
vn -0.8642 -0.0184 -0.5029
vn -0.9844 -0.0059 -0.1760
vn -0.9849 0.0077 0.1730
vn -0.9849 0.0020 0.1734
vn -0.8649 0.0048 0.5019
vn -0.8654 0.0209 0.5006
vn -0.6414 0.0319 0.7666
vn -0.6403 0.0072 0.7681
vn -0.3407 0.0391 0.9393
vn -0.3399 0.0089 0.9404
vn -0.0000 0.0416 0.9991
vn -0.0000 0.0094 1.0000
vn 0.3407 0.0391 0.9393
vn 0.3399 0.0089 0.9404
vn 0.6414 0.0319 0.7666
vn 0.6403 0.0072 0.7681
vn 0.8654 0.0209 0.5006
vn 0.8649 0.0048 0.5019
vn 0.9849 0.0077 0.1730
vn 0.9849 0.0020 0.1734
vn 0.9844 -0.0059 -0.1760
vn 0.9842 -0.0008 -0.1768
vn 0.8642 -0.0184 -0.5029
vn 0.8634 -0.0032 -0.5045
vn 0.6387 -0.0051 -0.7694
vn 0.6400 -0.0282 -0.7679
vn 0.3399 -0.0345 -0.9398
vn 0.3389 -0.0062 -0.9408
vn 0.0000 -0.0367 -0.9993
vn 0.0000 -0.0066 -1.0000
vn -0.3399 -0.0345 -0.9398
vn -0.3389 -0.0062 -0.9408
vn -0.6400 -0.0282 -0.7679
vn -0.3407 -0.0748 -0.9372
vn -0.6409 -0.0604 -0.7652
vn -0.8645 -0.0387 -0.5011
vn -0.6288 -0.0550 -0.7756
vn -0.8585 -0.0351 -0.5116
vn -0.9843 -0.0127 -0.1761
vn -0.9842 -0.0113 -0.1765
vn -0.9828 0.0126 0.1843
vn -0.9852 0.0143 0.1707
vn -0.8550 0.0331 0.5176
vn -0.8668 0.0389 0.4971
vn -0.6250 0.0480 0.7791
vn -0.6435 0.0585 0.7632
vn -0.3424 0.0711 0.9369
vn -0.3284 0.0569 0.9428
vn -0.0000 0.0597 0.9982
vn 0.0000 0.0754 0.9972
vn 0.3284 0.0569 0.9428
vn 0.3424 0.0711 0.9369
vn 0.6250 0.0480 0.7791
vn 0.6435 0.0585 0.7632
vn 0.8550 0.0331 0.5176
vn 0.8668 0.0389 0.4971
vn 0.9828 0.0126 0.1843
vn 0.9852 0.0143 0.1707
vn 0.9842 -0.0113 -0.1765
vn 0.9843 -0.0127 -0.1761
vn 0.8585 -0.0351 -0.5116
vn 0.8645 -0.0387 -0.5011
vn 0.6409 -0.0604 -0.7652
vn 0.6288 -0.0550 -0.7756
vn 0.3307 -0.0680 -0.9413
vn 0.3407 -0.0748 -0.9372
vn 0.0000 -0.0726 -0.9974
vn 0.0000 -0.0798 -0.9968
vn -0.3307 -0.0680 -0.9413
vn -0.3176 -0.0392 -0.9474
vn 0.0000 -0.0416 -0.9991
vn 0.0000 -0.0303 -0.9995
vn -0.3184 -0.0287 -0.9475
vn -0.6112 -0.0322 -0.7908
vn -0.6125 -0.0239 -0.7901
vn -0.8483 -0.0160 -0.5293
vn -0.8471 -0.0210 -0.5311
vn 0.1861 -0.0294 -0.9821
vn -0.9820 -0.0071 -0.1886
vn -0.8479 0.0197 0.5298
vn -0.9824 0.0074 0.1868
vn -0.9818 0.0058 0.1896
vn -0.8466 0.0161 0.5319
vn -0.6108 0.0239 0.7914
vn -0.6121 0.0286 0.7903
vn -0.3182 0.0336 0.9474
vn -0.3174 0.0286 0.9479
vn -0.0000 0.0353 0.9994
vn -0.0000 0.0302 0.9995
vn 0.3182 0.0336 0.9474
vn 0.3174 0.0286 0.9479
vn 0.6108 0.0239 0.7914
vn 0.6121 0.0286 0.7903
vn 0.8466 0.0161 0.5319
vn 0.8479 0.0197 0.5298
vn 0.9824 0.0074 0.1868
vn 0.9818 0.0058 0.1896
vn 0.6125 -0.0239 -0.7901
vn 0.6112 -0.0322 -0.7908
vn 0.8471 -0.0210 -0.5311
vn 0.8483 -0.0160 -0.5293
vn 0.3184 -0.0287 -0.9475
vn 0.3176 -0.0392 -0.9474
vn 0.8408 0.1147 -0.5290
vn 0.9757 0.1120 -0.1884
vn 0.7970 -0.5846 -0.1515
vn 0.6867 -0.5874 -0.4281
vn 0.4944 -0.5918 -0.6366
vn 0.6063 0.1152 -0.7868
vn 0.4936 -0.5930 0.6362
vn 0.6090 0.0926 0.7877
vn 0.3166 0.0878 0.9445
vn 0.2559 -0.5966 0.7607
vn -0.0000 -0.5979 0.8016
vn -0.0000 0.0861 0.9963
vn -0.3166 0.0878 0.9445
vn -0.6090 0.0926 0.7877
vn -0.4936 -0.5930 0.6362
vn -0.2559 -0.5965 0.7607
vn 0.8435 0.0995 0.5279
vn 0.6861 -0.5881 0.4283
vn 0.7967 -0.5849 0.1520
vn 0.9768 0.1066 0.1857
vn -0.9757 0.1120 -0.1884
vn -0.8408 0.1147 -0.5290
vn -0.6867 -0.5876 -0.4281
vn -0.7971 -0.5846 -0.1515
vn -0.7967 -0.5850 0.1520
vn -0.9768 0.1066 0.1857
vn -0.6861 -0.5881 0.4283
vn -0.8435 0.0995 0.5279
vn -0.4945 -0.5917 -0.6367
vn -0.2565 -0.5952 -0.7615
vn 0.0000 -0.5965 -0.8026
vn 0.2565 -0.5952 -0.7616
vn -0.0000 0.1147 -0.9934
vn 0.3150 0.1149 -0.9421
vn -0.3149 0.1149 -0.9421
vn -0.6063 0.1153 -0.7868
vn 0.9820 -0.0071 -0.1886
vn -0.9642 -0.1416 0.2240
vn -0.5691 0.0825 0.8181
vn -0.9598 0.1965 0.2003
vn -0.5683 -0.1183 0.8143
vn 0.0405 0.5043 -0.8626
vn 0.2195 -0.3777 -0.8995
vn 0.2227 -0.5095 -0.8311
vn -0.2299 -0.9727 0.0315
vn 0.3328 -0.3807 -0.8627
vn 0.5808 -0.3807 -0.7196
vn 0.6084 -0.5095 -0.6084
vn 0.0876 -0.9727 0.2148
vn 0.6692 -0.3777 -0.6399
vn -0.3664 -0.9304 -0.0076
vn 0.4670 -0.8753 -0.1251
vn 0.4835 -0.8753 -0.0000
vn -0.3341 -0.9208 0.2015
vn 0.7888 -0.6100 -0.0753
vn 0.7832 -0.6080 0.1305
vn 0.4670 -0.8754 0.1251
vn -0.3664 -0.9304 0.0076
vn 0.7726 -0.6091 0.1794
vn -0.4128 -0.7979 -0.4392
vn -0.3730 -0.7993 -0.4711
vn -0.0152 -0.9998 -0.0152
vn -0.0108 -0.9998 -0.0187
vn 0.2460 -0.7912 0.5599
vn -0.2215 -0.7993 -0.5586
vn -0.0056 -0.9998 -0.0208
vn -0.0256 -0.7929 0.6088
vn 0.0000 -0.9998 -0.0216
vn -0.0000 -0.7998 -0.6003
vn 0.0256 -0.7929 0.6088
vn -0.2460 -0.7912 0.5600
vn 0.0056 -0.9998 -0.0208
vn 0.2215 -0.7993 -0.5586
vn -0.1994 -0.7939 0.5744
vn 0.3647 -0.8567 -0.3647
vn 0.0152 -0.9998 -0.0152
vn -0.3978 -0.7939 0.4599
vn -0.4128 -0.7980 0.4391
vn 0.2579 -0.8567 -0.4467
vn 0.3731 -0.7993 -0.4711
vn -0.3619 -0.7912 0.4930
vn -0.5400 -0.7929 0.2823
vn 0.0187 -0.9998 -0.0108
vn 0.5199 -0.7998 -0.3001
vn 0.0208 -0.9998 -0.0056
vn 0.0216 -0.9998 0.0000
vn 0.5867 -0.7980 0.1379
vn 0.8239 0.5664 -0.0174
vn 0.5945 -0.7993 -0.0875
vn 0.0208 -0.9998 0.0056
vn 0.5945 -0.7993 0.0875
vn -0.6990 -0.6084 -0.3759
vn -0.4187 -0.8753 -0.2417
vn 0.3100 -0.9337 0.1790
vn -0.6750 -0.6084 -0.4174
vn -0.5417 -0.6091 -0.5793
vn -0.3419 -0.8753 -0.3419
vn 0.1766 -0.9304 0.3211
vn 0.5024 0.3329 0.7980
vn -0.2417 -0.8753 -0.4187
vn -0.0075 -0.9208 0.3901
vn -0.1251 -0.8753 -0.4670
vn 0.1897 -0.9304 0.3135
vn -0.0576 -0.3801 -0.9232
vn -0.0000 -0.5096 -0.8604
vn -0.0000 -0.9945 0.1048
vn 0.0056 -0.9998 0.0208
vn 0.0000 -0.9998 0.0216
vn 0.0000 -0.8753 -0.4835
vn 0.0000 -0.8567 0.5158
vn 0.1335 -0.8567 0.4982
vn 0.2255 -0.4909 0.8415
vn 0.0000 -0.4909 0.8712
vn 0.0000 0.0000 1.0000
vn 0.2588 0.0000 0.9659
vn 0.2255 0.4909 0.8415
vn 0.0000 0.4909 0.8712
vn 0.1335 0.8567 0.4982
vn 0.0000 0.8567 0.5158
vn 0.0056 0.9998 0.0208
vn -0.0000 0.9998 0.0216
vn -0.1251 0.8753 -0.4670
vn -0.0000 0.8753 -0.4835
vn -0.2417 0.8753 -0.4187
vn -0.0075 0.9208 0.3901
vn 0.1897 0.9304 0.3135
vn -0.5417 0.6091 -0.5793
vn 0.1766 0.9304 0.3211
vn -0.3419 0.8753 -0.3419
vn -0.6750 0.6084 -0.4174
vn -0.4187 0.8753 -0.2417
vn 0.3100 0.9337 0.1790
vn -0.6990 0.6084 -0.3759
vn 0.5867 0.7979 0.1379
vn 0.5945 0.7993 0.0875
vn 0.0208 0.9998 0.0056
vn 0.0216 0.9998 0.0000
vn -0.5400 0.7929 0.2823
vn 0.5199 0.7998 -0.3002
vn 0.0187 0.9998 -0.0108
vn -0.3619 0.7912 0.4930
vn 0.0152 0.9998 -0.0152
vn 0.3731 0.7993 -0.4711
vn -0.3978 0.7939 0.4599
vn -0.1994 0.7939 0.5744
vn 0.0056 0.9998 -0.0208
vn 0.2215 0.7993 -0.5586
vn -0.2460 0.7912 0.5600
vn 0.0256 0.7929 0.6088
vn -0.0000 0.9998 -0.0216
vn -0.0000 0.7998 -0.6003
vn -0.0256 0.7929 0.6088
vn 0.2460 0.7912 0.5599
vn -0.0056 0.9998 -0.0208
vn -0.2215 0.7993 -0.5586
vn -0.0108 0.9998 -0.0187
vn -0.4128 0.7979 -0.4392
vn -0.3969 -0.5664 -0.7223
vn -0.3730 0.7993 -0.4711
vn -0.0152 0.9998 -0.0152
vn 0.7725 0.6091 0.1794
vn 0.4670 0.8754 0.1251
vn -0.3664 0.9304 0.0076
vn 0.7832 0.6080 0.1305
vn 0.7888 0.6100 -0.0753
vn 0.4835 0.8753 -0.0000
vn -0.3341 0.9208 0.2015
vn 0.4670 0.8754 -0.1251
vn -0.3664 0.9304 -0.0076
vn 0.6692 0.3777 -0.6399
vn 0.6084 0.5096 -0.6084
vn 0.0876 0.9727 0.2148
vn 0.5808 0.3807 -0.7196
vn 0.3328 0.3807 -0.8627
vn 0.0075 0.9208 0.3901
vn 0.2417 0.8754 -0.4187
vn 0.1251 0.8753 -0.4670
vn 0.2227 0.5095 -0.8311
vn -0.2299 0.9727 0.0315
vn 0.2195 0.3777 -0.8995
vn -0.0108 0.9998 0.0187
vn -0.0056 0.9998 0.0208
vn -0.2579 0.8567 0.4467
vn -0.1335 0.8567 0.4982
vn -0.4356 0.4909 0.7545
vn -0.2255 0.4909 0.8415
vn -0.5000 -0.0000 0.8660
vn -0.2588 0.0000 0.9659
vn -0.4356 -0.4909 0.7545
vn -0.2255 -0.4909 0.8415
vn -0.2579 -0.8567 0.4467
vn -0.1335 -0.8567 0.4982
vn -0.0108 -0.9998 0.0187
vn -0.0056 -0.9998 0.0208
vn 0.1251 -0.8753 -0.4670
vn 0.2417 -0.8753 -0.4187
vn -0.0152 -0.9998 0.0152
vn 0.3419 -0.8753 -0.3419
vn -0.0187 -0.9998 0.0108
vn -0.3647 -0.8567 0.3647
vn -0.4467 -0.8567 0.2579
vn 0.4187 -0.8753 -0.2417
vn -0.4982 -0.8567 0.1335
vn -0.0208 -0.9998 0.0056
vn -0.5158 -0.8567 0.0000
vn -0.0216 -0.9998 0.0000
vn -0.4982 -0.8567 -0.1335
vn -0.0208 -0.9998 -0.0056
vn -0.8415 -0.4909 -0.2255
vn -0.8712 -0.4909 0.0000
vn -1.0000 -0.0000 0.0000
vn -0.9659 -0.0000 -0.2588
vn -0.8712 0.4909 0.0000
vn -0.8415 0.4909 -0.2255
vn -0.5158 0.8567 0.0000
vn -0.4982 0.8567 -0.1335
vn -0.0216 0.9998 0.0000
vn -0.0208 0.9998 -0.0056
vn -0.0208 0.9998 0.0056
vn -0.4982 0.8567 0.1335
vn -0.4467 0.8567 0.2579
vn -0.0187 0.9998 0.0108
vn 0.4187 0.8753 -0.2417
vn -0.3647 0.8567 0.3647
vn -0.0152 0.9998 0.0152
vn 0.3419 0.8753 -0.3419
vn -0.7545 0.4909 0.4356
vn -0.6160 0.4909 0.6160
vn -0.8660 -0.0000 0.5000
vn -0.7071 -0.0000 0.7071
vn -0.7545 -0.4909 0.4356
vn -0.6160 -0.4909 0.6160
vn -0.9659 -0.0000 0.2588
vn -0.8415 -0.4909 0.2255
vn -0.8415 0.4909 0.2255
vn -0.7545 0.4909 -0.4356
vn -0.4467 0.8567 -0.2579
vn -0.3647 0.8567 -0.3647
vn -0.6160 0.4909 -0.6160
vn -0.7071 -0.0000 -0.7071
vn -0.8660 -0.0000 -0.5000
vn -0.6160 -0.4909 -0.6160
vn -0.7545 -0.4909 -0.4356
vn -0.3647 -0.8567 -0.3647
vn -0.4467 -0.8567 -0.2579
vn -0.0187 -0.9998 -0.0108
vn -0.2579 -0.8567 -0.4467
vn -0.4356 -0.4909 -0.7545
vn -0.2255 -0.4909 -0.8415
vn -0.1335 -0.8567 -0.4982
vn -0.0000 -0.8567 -0.5158
vn -0.0000 -0.4909 -0.8712
vn 0.1335 -0.8567 -0.4982
vn 0.2255 -0.4909 -0.8415
vn 0.4356 -0.4909 -0.7545
vn 0.6160 -0.4909 -0.6160
vn 0.5000 0.0000 -0.8660
vn 0.7071 0.0000 -0.7071
vn 0.4356 0.4909 -0.7545
vn 0.6160 0.4909 -0.6160
vn 0.2579 0.8567 -0.4467
vn 0.3647 0.8567 -0.3647
vn 0.1335 0.8567 -0.4982
vn 0.2255 0.4909 -0.8415
vn -0.0000 0.4909 -0.8712
vn -0.0000 0.8567 -0.5158
vn -0.2255 0.4909 -0.8415
vn -0.1335 0.8567 -0.4982
vn -0.2579 0.8567 -0.4467
vn -0.4356 0.4909 -0.7545
vn -0.2588 0.0000 -0.9659
vn -0.5000 -0.0000 -0.8660
vn 0.7545 0.4909 -0.4356
vn 0.4467 0.8567 -0.2579
vn 0.4982 0.8567 -0.1335
vn 0.8415 0.4909 -0.2255
vn 0.8660 0.0000 -0.5000
vn 0.9659 0.0000 -0.2588
vn 0.8415 -0.4909 -0.2255
vn 0.7545 -0.4909 -0.4356
vn 0.4982 -0.8567 -0.1335
vn 0.4467 -0.8567 -0.2579
vn 0.5158 -0.8567 -0.0000
vn 0.8712 -0.4909 -0.0000
vn 0.8415 -0.4909 0.2255
vn 0.4982 -0.8567 0.1335
vn 0.4467 -0.8567 0.2579
vn 0.7545 -0.4909 0.4356
vn 0.0187 -0.9998 0.0108
vn 0.6160 -0.4909 0.6160
vn 0.3647 -0.8567 0.3647
vn 0.0152 -0.9998 0.0152
vn 0.2579 -0.8567 0.4467
vn 0.0108 -0.9998 0.0187
vn 0.4356 -0.4909 0.7545
vn 0.7071 0.0000 0.7071
vn 0.5000 0.0000 0.8660
vn 0.6160 0.4909 0.6160
vn 0.4356 0.4909 0.7545
vn 0.2579 0.8567 0.4467
vn 0.3647 0.8567 0.3647
vn 0.0152 0.9998 0.0152
vn 0.0108 0.9998 0.0187
vn 0.0187 0.9998 0.0108
vn 0.4467 0.8567 0.2579
vn 0.4982 0.8567 0.1335
vn 0.5158 0.8567 -0.0000
vn 0.8712 0.4909 -0.0000
vn 0.8415 0.4909 0.2255
vn 0.9659 0.0000 0.2588
vn 1.0000 0.0000 -0.0000
vn 0.7545 0.4909 0.4356
vn 0.8660 0.0000 0.5000
vn 0.0208 0.9998 -0.0056
vn 0.2588 0.0000 -0.9659
vn -0.0187 0.9998 -0.0108
vn -0.0576 0.3801 -0.9232
vn -0.0000 0.9945 0.1048
vn -0.0000 0.5096 -0.8604
vn 0.0576 0.3801 -0.9232
vn 0.0576 -0.3801 -0.9232
vn 0.2355 -0.7877 -0.5693
vn 0.5270 0.5769 -0.6240
vn 0.2686 0.5785 -0.7702
vn 0.2787 -0.7928 -0.5421
vn 0.0179 -0.5637 0.8258
vn 0.0756 0.8034 0.5906
vn 0.2714 -0.5629 0.7807
vn -0.2722 0.5585 0.7836
vn -0.2704 -0.8065 0.5259
vn -0.5063 0.5582 0.6573
vn -0.4436 -0.8048 0.3943
vn -0.6951 0.5589 0.4522
vn -0.8144 0.5606 0.1500
vn -0.6003 -0.7998 -0.0000
vn -0.8124 0.5646 -0.1456
vn -0.5537 -0.7961 -0.2443
vn -0.7081 0.5707 -0.4158
vn -0.4208 -0.7917 -0.4428
vn -0.4538 -0.7945 -0.4035
vn -0.5011 0.5747 -0.6470
vn 0.2769 0.7958 -0.5385
vn 0.2367 0.7864 -0.5706
vn 0.0108 0.9998 -0.0187
vn 0.0669 0.6153 0.7854
vn -0.0000 0.8754 0.4835
vn -0.1885 0.9199 -0.3439
vn 0.1251 0.8754 0.4670
vn 0.0242 0.9266 -0.3753
vn 0.1707 0.6148 0.7700
vn 0.3548 0.6132 0.7058
vn 0.2418 0.8753 0.4187
vn -0.1436 0.9308 -0.3360
vn 0.3970 0.6136 0.6825
vn -0.4517 0.7967 -0.4015
vn -0.4187 0.7941 -0.4406
vn -0.0216 0.9998 -0.0000
vn -0.5483 0.8005 0.2419
vn -0.8139 -0.5616 0.1490
vn -0.6003 0.7998 -0.0000
vn -0.5677 0.7999 0.1947
vn -0.1256 0.8026 0.5832
vn -0.0756 0.8032 0.5909
vn 0.4458 0.8026 0.3963
vn 0.4134 0.7999 0.4351
vn 0.6003 0.7998 -0.0000
vn 0.5521 0.7974 -0.2436
vn 0.8129 -0.5637 -0.1466
vn 0.4189 0.7939 -0.4407
vn 0.7092 -0.5684 -0.4172
vn 0.9659 -0.0000 -0.2588
vn 0.8660 -0.0000 -0.5000
vn 0.5467 -0.8018 0.2412
vn 0.8144 0.5606 0.1500
vn 0.6003 -0.7998 0.0000
vn 0.4114 -0.8021 0.4330
vn 0.7131 0.5596 0.4223
vn 0.4436 -0.8048 0.3943
vn 0.0180 0.5591 0.8289
vn 0.0750 -0.8067 0.5861
vn -0.1247 -0.8059 0.5787
vn -0.0750 -0.8067 0.5862
vn -0.5658 -0.8013 0.1942
vn -0.5467 -0.8018 0.2412
vn 0.2417 -0.8753 0.4187
vn -0.1455 -0.9290 -0.3403
vn 0.3955 -0.6175 0.6800
vn 0.3534 -0.6170 0.7032
vn 0.1702 -0.6191 0.7667
vn 0.1251 -0.8754 0.4670
vn 0.0243 -0.9244 -0.3806
vn 0.0663 -0.6201 0.7817
vn -0.1908 -0.9176 -0.3488
vn 0.0000 -0.8753 0.4835
vn -0.1206 -0.6182 0.7767
vn -0.1251 -0.8753 0.4671
vn -0.0244 -0.9244 -0.3806
vn -0.1701 -0.6193 0.7665
vn 0.4209 -0.7917 -0.4428
vn 0.0108 -0.9998 -0.0187
vn 0.5000 -0.0000 -0.8660
vn 0.7071 -0.0000 -0.7071
vn 0.0000 0.4909 -0.8712
vn 0.0000 0.8567 -0.5158
vn 0.0000 -0.8567 -0.5158
vn 0.0000 -0.4909 -0.8712
vn 0.0000 -0.0000 -1.0000
vn 0.2588 -0.0000 -0.9659
vn -0.2588 -0.0000 -0.9659
vn -0.8712 -0.4909 -0.0000
vn -0.5605 0.6505 0.5125
vn -0.2417 -0.3580 0.9019
vn -0.0000 -0.3580 0.9337
vn -0.0000 0.8567 0.5158
vn 0.2417 -0.3580 0.9019
vn 0.5605 0.6505 0.5125
vn 0.8712 0.4909 0.0000
vn 0.5158 0.8567 0.0000
vn 0.9659 -0.0000 0.2588
vn 1.0000 -0.0000 0.0000
vn 0.5158 -0.8567 0.0000
vn 0.8267 -0.4426 0.3474
vn 0.3141 -0.9129 0.2608
vn -0.0871 0.6086 0.7887
vn 0.6508 -0.0411 0.7581
vn 0.5358 0.6118 0.5819
vn 0.9157 -0.0000 0.4019
vn 0.7071 -0.0000 0.7071
vn 0.6017 -0.1795 0.7783
vn 0.4200 -0.6812 0.5997
vn 0.6825 -0.0640 0.7281
vn -0.0876 -0.6087 0.7886
vn 0.2569 0.1210 0.9588
vn -0.0000 0.1210 0.9927
vn -0.2569 0.1210 0.9588
vn -0.3141 -0.9129 0.2608
vn -0.8267 -0.4426 0.3474
vn -0.3741 -0.5837 0.7206
vn -0.6825 -0.0640 0.7281
vn -0.9157 -0.0000 0.4019
vn -0.6911 -0.1707 0.7023
vn -0.4855 0.5217 0.7015
vn 0.8660 -0.0000 0.5000
vn 0.7087 0.0987 -0.6986
vn -0.0794 0.7074 -0.7024
vn -0.3389 0.6932 -0.6361
vn 0.3620 -0.7565 0.5446
vn -0.0468 -0.6930 -0.7194
vn -0.4849 0.7276 -0.4853
vn -0.6216 0.7262 0.2938
vn 0.3712 -0.6700 -0.6429
vn -0.3712 -0.6700 -0.6429
vn -0.5686 -0.6701 -0.4772
vn 0.1289 -0.6700 0.7311
vn 0.3712 -0.6700 0.6429
vn -0.7923 0.6101 0.0000
vn -0.6975 -0.6701 -0.2539
vn -0.1289 -0.6700 -0.7311
vn 0.1289 -0.6701 -0.7310
vn -0.6975 -0.6701 0.2539
vn -0.9273 -0.3350 0.1668
vn -0.7691 -0.6372 -0.0489
vn -0.7192 -0.4950 -0.4875
vn -0.5024 0.3329 0.7980
vn 0.0075 -0.9208 0.3901
vn -0.3100 -0.9337 0.1790
vn -0.7304 0.3313 0.5972
vn -0.8824 0.3313 0.3339
vn -0.8239 0.5664 -0.0174
vn -0.5199 -0.7998 -0.3002
vn -0.7728 0.5658 -0.2875
vn -0.6353 0.5658 -0.5255
vn -0.3969 0.5664 -0.7223
vn 0.7728 0.5658 -0.2875
vn 0.7728 0.5659 0.2875
vn 0.1520 0.3314 0.9312
vn 0.1520 -0.3313 0.9312
vn 0.5024 -0.3329 0.7980
vn 0.5945 0.7993 -0.0875
vn 0.8239 -0.5664 -0.0174
vn 0.7728 -0.5658 -0.2875
vn 0.3441 -0.7616 -0.5492
vn -0.4128 0.7980 0.4391
vn -0.6353 -0.5658 -0.5255
vn -0.5199 0.7998 -0.3002
vn -0.7728 -0.5658 -0.2875
vn -0.3100 0.9337 0.1790
vn -0.8824 -0.3314 0.3339
vn -0.7304 -0.3313 0.5972
vn -0.1520 -0.3313 0.9312
vn -0.5024 -0.3329 0.7980
vn -0.8239 -0.5664 -0.0174
vn -0.1201 -0.7626 -0.6357
vn 0.4905 -0.7626 -0.4218
vn 0.7728 -0.5659 0.2875
vn 0.6353 -0.5658 0.5255
vn 0.6353 0.5658 0.5255
vn 0.4905 0.7626 -0.4218
vn 0.3441 0.7616 -0.5492
vn 0.1201 0.7625 -0.6357
vn -0.1201 0.7626 -0.6357
vn -0.1520 0.3313 0.9312
vn 0.0176 0.5802 -0.8143
vn 0.7081 0.5708 -0.4157
vn 0.5537 -0.7961 -0.2443
vn 0.8124 0.5646 -0.1456
vn 0.5063 0.5582 0.6573
vn 0.2722 0.5585 0.7835
vn 0.2704 -0.8065 0.5258
vn -0.2714 -0.5630 0.7806
vn -0.2687 0.5782 -0.7703
vn 0.0771 0.7949 -0.6018
vn 0.2694 -0.5741 -0.7732
vn 0.0177 -0.5755 -0.8176
vn -0.5522 0.7973 -0.2436
vn -0.7092 -0.5683 -0.4172
vn -0.8128 -0.5638 -0.1466
vn -0.4459 0.8025 0.3964
vn -0.6944 -0.5609 0.4508
vn -0.2722 0.8035 0.5294
vn -0.5052 -0.5618 0.6551
vn 0.2721 0.8036 0.5292
vn 0.5052 -0.5617 0.6551
vn 0.5483 0.8006 0.2419
vn 0.7120 -0.5621 0.4209
vn 0.8139 -0.5615 0.1490
vn 0.6912 -0.1706 0.7023
vn -0.5023 -0.5712 -0.6492
vn -0.2694 -0.5741 -0.7732
vn 0.5279 -0.5736 -0.6263
vn -0.8660 0.0000 0.5000
vn -0.6428 0.0000 0.7660
vn -0.3420 -0.0000 0.9397
vn -0.9848 -0.0000 0.1736
vn -0.3420 0.0000 -0.9397
vn 0.3420 -0.0000 -0.9397
vn 0.0000 0.0000 -1.0000
vn -0.8660 0.0000 -0.5000
vn -0.6428 -0.0000 -0.7660
vn -0.9848 0.0000 -0.1736
vn 0.9848 0.0000 0.1736
vn 0.9848 0.0000 -0.1736
vn 0.3420 -0.0000 0.9397
vn 0.6428 0.0000 0.7660
vn 0.6428 0.0000 -0.7660
vn -0.9848 0.0000 0.1736
vn -0.6428 -0.0000 0.7660
vn -0.3420 0.0000 0.9397
vn 0.3420 0.0000 0.9397
vn 0.6428 -0.0000 0.7660
vn 0.9848 -0.0000 0.1736
vn 0.9848 -0.0000 -0.1736
vn 0.6428 -0.0000 -0.7660
vn 0.3420 0.0000 -0.9397
vn -0.3420 -0.0000 -0.9397
vn -0.6428 0.0000 -0.7660
vn -0.9848 -0.0000 -0.1736
vn 0.1261 0.2567 -0.9582
vn 0.1261 -0.2567 -0.9582
vn -0.1261 0.2567 -0.9582
vn -0.1261 -0.2567 -0.9582
vn 0.0340 0.9654 -0.2586
vn 0.0000 1.0000 -0.0000
vn 0.0000 -1.0000 -0.0000
vn 0.9912 -0.1321 -0.0001
vn -0.9912 -0.1321 -0.0001
vn 0.9295 -0.0053 -0.3689
vn 0.9294 -0.0170 -0.3687
vn 0.7376 -0.0097 -0.6752
vn 0.9295 0.0053 0.3687
vn 0.7374 0.0097 0.6754
vn 0.4688 0.0127 0.8832
vn -0.4685 0.0127 0.8834
vn -0.7377 0.0097 0.6751
vn -1.0000 0.0000 -0.0000
vn -0.9295 -0.0053 -0.3687
vn -0.7375 -0.0097 -0.6752
vn -0.4683 -0.0127 -0.8835
vn -0.1596 -0.0142 -0.9871
vn 0.4687 -0.0127 -0.8833
vn 0.1596 -0.0142 -0.9871
vn -0.9295 0.0053 0.3688
# 1336 vertex normals

vt 1.0000 0.1667 0.0000
vt 0.0000 0.1596 0.0000
vt 0.0000 0.0286 0.0000
vt 1.0000 0.0283 0.0000
vt 0.9687 1.0000 0.0000
vt 0.0000 1.0000 0.0000
vt 0.0000 0.8333 0.0000
vt 0.0000 0.6667 0.0000
vt 0.9687 0.6803 0.0000
vt 0.1077 1.0000 0.0000
vt 0.0405 1.0000 0.0000
vt 0.0405 0.6799 0.0000
vt 0.1083 0.6784 0.0000
vt 0.1080 0.8355 0.0000
vt 0.6667 1.0000 0.0000
vt 0.6803 0.8281 0.0000
vt 0.7235 0.5631 0.0000
vt 0.7840 0.3360 0.0000
vt 0.8774 0.0000 0.0000
vt 0.9049 -0.0334 0.0000
vt 0.9310 -0.0604 0.0000
vt 0.9561 -0.0827 0.0000
vt 0.9719 -0.0604 0.0000
vt 0.9866 -0.0334 0.0000
vt 1.0000 0.0000 0.0000
vt 1.0005 0.3333 0.0000
vt 0.9803 0.5000 0.0000
vt 0.9302 0.6667 0.0000
vt 0.8595 0.8333 0.0000
vt 0.7893 1.0000 0.0000
vt 0.7613 1.0358 0.0000
vt 0.7355 1.0611 0.0000
vt 0.6947 1.0611 0.0000
vt 0.6796 1.0358 0.0000
vt 0.8333 0.0000 0.0000
vt 0.7778 0.0000 0.0000
vt 1.0000 0.3333 0.0000
vt 1.0000 0.5000 0.0000
vt 0.6667 0.7340 0.0000
vt 0.6667 0.7299 0.0000
vt 1.0000 0.9596 0.0000
vt 1.0000 0.9798 0.0000
vt 1.0000 1.0000 0.0000
vt 0.9843 1.0000 0.0000
vt 0.0000 0.9444 0.0000
vt 1.0000 0.0394 0.0000
vt 1.0000 0.0556 0.0000
vt 1.0000 0.1111 0.0000
vt 0.0000 0.0876 0.0000
vt 0.0000 0.0316 0.0000
vt 0.2222 1.0000 0.0000
vt 0.1667 1.0000 0.0000
vt 0.0000 0.5000 0.0000
vt 0.1667 0.0000 0.0000
vt 0.1111 0.0000 0.0000
vt 0.3333 0.5000 0.0000
vt 0.3333 0.3333 0.0000
vt 0.3333 0.8333 0.0000
vt 0.3333 1.0000 0.0000
vt 0.3333 0.6667 0.0000
vt 0.3333 0.1667 0.0000
vt 0.3333 0.0000 0.0000
vt 0.0000 0.0283 0.0000
vt 0.0000 0.0424 0.0000
vt 0.0000 0.1667 0.0000
vt 0.0000 0.3333 0.0000
vt 0.0000 0.9134 0.0000
vt 0.0000 0.9576 0.0000
vt 0.0556 1.0000 0.0000
vt 0.0394 1.0000 0.0000
vt 0.1111 1.0000 0.0000
vt 0.2778 1.0000 0.0000
vt 1.0000 0.2778 0.0000
vt 0.0000 0.2244 0.0000
vt 0.0000 0.1785 0.0000
vt 1.0000 0.2222 0.0000
vt 0.0000 0.1312 0.0000
vt 1.0000 0.8333 0.0000
vt 1.0000 0.9717 0.0000
vt 0.0000 0.9714 0.0000
vt 0.0000 0.8257 0.0000
vt 0.2778 0.0000 0.0000
vt 0.2222 0.0000 0.0000
vt 0.0556 0.0000 0.0000
vt 1.0000 0.2730 0.0000
vt 0.0000 0.2778 0.0000
vt 1.0000 0.2275 0.0000
vt 0.0000 0.2222 0.0000
vt 1.0000 0.1833 0.0000
vt 1.0000 0.1391 0.0000
vt 0.0000 0.1111 0.0000
vt 1.0000 0.0922 0.0000
vt 0.0000 0.0556 0.0000
vt 1.0000 0.0507 0.0000
vt 1.0000 0.0316 0.0000
vt 0.0000 0.0389 0.0000
vt 0.0000 0.0866 0.0000
vt 0.0000 0.9717 0.0000
vt 0.0389 0.0000 0.0000
vt 0.6667 0.0000 0.0000
vt 0.6667 0.8006 0.0000
vt 0.6667 0.8281 0.0000
vt 0.0000 0.0000 0.0000
vt 0.9843 0.0000 0.0000
vt 0.0404 0.0000 0.0000
vt 0.0404 0.3507 0.0000
vt 0.0404 0.5036 0.0000
vt 0.0202 1.0000 0.0000
vt 0.0202 0.0000 0.0000
vt 1.0000 0.6667 0.0000
vt 0.7222 1.0000 0.0000
vt 0.7778 1.0000 0.0000
vt 0.8333 1.0000 0.0000
vt 0.7472 1.0000 0.0000
vt 0.8889 1.0000 0.0000
vt 0.9194 1.0000 0.0000
vt 0.9444 1.0000 0.0000
vt 0.0293 1.0027 0.0000
vt 0.0157 1.0000 0.0000
vt 0.0062 0.9919 0.0000
vt 0.0010 0.9784 0.0000
vt 0.0000 0.9595 0.0000
vt 1.0000 0.9444 0.0000
vt 0.0000 0.8923 0.0000
vt 1.0000 0.8889 0.0000
vt 0.0000 0.8290 0.0000
vt 0.0000 0.7648 0.0000
vt 1.0000 0.7778 0.0000
vt 0.0000 0.7021 0.0000
vt 1.0000 0.7222 0.0000
vt 0.0000 0.2351 0.0000
vt 1.0000 0.2981 0.0000
vt 1.0000 0.7081 0.0000
vt 0.0485 0.5400 0.0000
vt 0.0414 0.5013 0.0000
vt 0.0000 0.2762 0.0000
vt 0.9444 0.0000 0.0000
vt 0.8889 0.0000 0.0000
vt 0.7222 0.0000 0.0000
vt 0.0000 0.8889 0.0000
vt 1.0000 0.8905 0.0000
vt 1.0000 0.8163 0.0000
vt 0.0000 0.7778 0.0000
vt 1.0000 0.7477 0.0000
vt 0.0000 0.7222 0.0000
vt 1.0000 0.6844 0.0000
vt 0.8278 1.0000 0.0000
vt 0.9687 0.0000 0.0000
vt 0.9687 0.1907 0.0000
vt 0.9687 0.3508 0.0000
vt 0.9687 0.5037 0.0000
vt 0.1089 0.3494 0.0000
vt 0.1086 0.5031 0.0000
vt 0.1813 0.1866 0.0000
vt 0.1793 0.3482 0.0000
vt 0.1092 0.1886 0.0000
vt 0.1773 0.5027 0.0000
vt 0.1751 0.6770 0.0000
vt 0.1731 0.8349 0.0000
vt 0.2463 0.3470 0.0000
vt 0.1837 0.0000 0.0000
vt 0.2523 0.0000 0.0000
vt 0.2491 0.1847 0.0000
vt 0.2437 0.5022 0.0000
vt 0.2407 0.6756 0.0000
vt 0.2380 0.8343 0.0000
vt 0.2352 1.0000 0.0000
vt 0.1710 1.0000 0.0000
vt 0.3095 0.3458 0.0000
vt 0.3123 0.1830 0.0000
vt 0.3067 0.5018 0.0000
vt 0.3037 0.6742 0.0000
vt 0.3009 0.8337 0.0000
vt 0.2979 1.0000 0.0000
vt 0.3753 0.3446 0.0000
vt 0.3718 0.5014 0.0000
vt 0.3679 0.6729 0.0000
vt 0.3643 0.8331 0.0000
vt 0.3790 0.1811 0.0000
vt 0.7265 0.1716 0.0000
vt 0.7259 0.3383 0.0000
vt 0.7254 0.4990 0.0000
vt 0.7249 0.6652 0.0000
vt 0.7243 0.8297 0.0000
vt 0.6667 0.6665 0.0000
vt 0.6667 0.5028 0.0000
vt 0.6667 0.5034 0.0000
vt 0.6667 0.5167 0.0000
vt 0.6667 0.5565 0.0000
vt 0.6667 0.5631 0.0000
vt 0.6667 0.3336 0.0000
vt 0.6667 0.2680 0.0000
vt 0.6667 0.3093 0.0000
vt 0.6667 0.3435 0.0000
vt 0.6667 0.3360 0.0000
vt 0.6667 -0.0000 0.0000
vt 0.1614 0.3880 0.0000
vt 0.1348 0.4602 0.0000
vt 0.1348 0.4964 0.0000
vt 0.0000 0.4958 0.0000
vt 0.0000 0.3298 0.0000
vt 0.2102 0.3305 0.0000
vt 0.5757 0.4982 0.0000
vt 0.5052 0.6612 0.0000
vt 0.5491 0.6094 0.0000
vt 0.5757 0.5371 0.0000
vt 0.5012 0.3316 0.0000
vt 0.5757 0.4602 0.0000
vt 0.5491 0.3880 0.0000
vt 0.7500 1.0000 1.0000
vt 0.6944 1.0000 1.0000
vt 0.8056 1.0000 1.0000
vt 0.8611 1.0000 1.0000
vt 0.6600 1.0000 0.0000
vt 0.4960 1.0000 -0.3473
vt 0.4368 1.0000 -0.4578
vt 0.7248 1.0000 0.1555
vt 0.0833 1.0000 -1.0000
vt 0.1763 1.0000 -0.8940
vt 0.1891 1.0000 -0.8794
vt 0.0278 1.0000 -1.0000
vt 0.2484 1.0000 -0.2039
vt 0.1953 1.0000 -0.3473
vt 0.7004 1.0000 1.0000
vt 0.7559 1.0000 1.0000
vt 0.8115 1.0000 1.0000
vt 0.9167 1.0000 1.0000
vt 0.8670 1.0000 1.0000
vt 0.9722 1.0000 1.0000
vt 0.9226 1.0000 1.0000
vt 0.9708 1.0000 0.8794
vt 0.9721 1.0000 0.9872
vt 0.9646 1.0000 0.8553
vt 0.9126 1.0000 0.6527
vt 0.9011 1.0000 0.6202
vt 0.8047 1.0000 0.3473
vt 0.7893 1.0000 0.3103
vt 0.6425 1.0000 -0.0370
vt 0.3325 1.0000 -0.6527
vt 0.4786 1.0000 -0.3798
vt 0.3172 1.0000 -0.6768
vt 0.1779 1.0000 -0.8922
vt 0.0774 1.0000 -1.0000
vt 0.0279 1.0000 -0.9872
vt 0.0292 1.0000 -0.8794
vt 0.0354 1.0000 -0.8553
vt 0.0874 1.0000 -0.6527
vt 0.0366 1.0000 -0.8507
vt 0.1011 1.0000 -0.6140
vt 0.1492 1.0000 -0.4777
vt 0.4813 1.0000 0.4247
vt 0.7263 1.0000 1.0000
vt 0.7818 1.0000 1.0000
vt 0.8374 1.0000 1.0000
vt 0.8929 1.0000 1.0000
vt 0.9485 1.0000 1.0000
vt 0.9714 1.0000 0.9309
vt 0.9375 1.0000 0.7495
vt 0.8508 1.0000 0.4777
vt 0.7218 1.0000 0.1483
vt 0.5660 1.0000 -0.1990
vt 0.4023 1.0000 -0.5223
vt 0.2503 1.0000 -0.7826
vt 0.1285 1.0000 -0.9485
vt 0.0515 1.0000 -1.0000
vt 0.0286 1.0000 -0.9309
vt 0.0280 1.0000 -0.9767
vt 0.0404 1.0000 -0.8355
vt 0.0793 1.0000 -0.6842
vt 0.0290 1.0000 -0.8961
vt 0.3325 0.0000 -0.6527
vt 0.2231 0.0000 -0.8257
vt 0.1891 0.0000 -0.8794
vt 0.0833 0.0000 -1.0000
vt 0.1084 0.0000 -0.9714
vt 0.0764 0.0000 -1.0165
vt 0.1840 0.0000 -0.8917
vt 0.5038 0.0000 -0.3285
vt 0.6774 0.0000 0.0419
vt 0.8324 0.0000 0.4137
vt 0.9499 0.0000 0.7422
vt 1.0160 0.0000 0.9877
vt 1.0225 0.0000 1.1206
vt 0.9687 0.0000 1.1249
vt 0.8611 0.0000 1.0000
vt 0.7127 0.0000 0.7610
vt 0.5413 0.0000 0.4368
vt 0.3677 0.0000 0.0664
vt 0.2128 0.0000 -0.3054
vt 0.0952 0.0000 -0.6339
vt 0.0292 0.0000 -0.8794
vt 0.0227 0.0000 -1.0123
vt 0.3712 0.0000 -0.5804
vt 0.4960 0.0000 -0.3473
vt 0.6600 0.0000 0.0000
vt 0.5348 0.0000 -0.2650
vt 0.8047 0.0000 0.3473
vt 0.6942 0.0000 0.0823
vt 0.9126 0.0000 0.6527
vt 0.8302 0.0000 0.4196
vt 0.9264 0.0000 0.7064
vt 0.9708 0.0000 0.8794
vt 0.9722 0.0000 1.0000
vt 0.9712 0.0000 0.9080
vt 0.9167 0.0000 1.0000
vt 0.9591 0.0000 1.0000
vt 0.9035 0.0000 1.0000
vt 0.8480 0.0000 1.0000
vt 0.8056 0.0000 1.0000
vt 0.7924 0.0000 1.0000
vt 0.7500 0.0000 1.0000
vt 0.3400 0.0000 0.0000
vt 0.6529 0.0000 0.7631
vt 0.1953 0.0000 -0.3473
vt 0.3058 0.0000 -0.0823
vt 0.0874 0.0000 -0.6527
vt 0.1698 0.0000 -0.4196
vt 0.0736 0.0000 -0.7064
vt 0.0288 0.0000 -0.9080
vt 0.0278 0.0000 -1.0000
vt 0.0409 0.0000 -1.0000
vt 0.0355 1.0000 -1.0000
vt 0.1687 1.0000 -0.9027
vt 0.0980 1.0000 -0.9833
vt 0.3047 1.0000 -0.6965
vt 0.2090 1.0000 -0.8479
vt 0.4643 1.0000 -0.4064
vt 0.3551 1.0000 -0.6103
vt 0.6283 1.0000 -0.0672
vt 0.5187 1.0000 -0.2991
vt 0.7767 1.0000 0.2801
vt 0.6800 1.0000 0.0482
vt 0.8918 1.0000 0.5936
vt 0.8197 1.0000 0.3897
vt 0.9596 1.0000 0.8355
vt 0.9207 1.0000 0.6842
vt 0.9720 1.0000 0.9767
vt 0.9710 1.0000 0.8961
vt 0.9274 1.0000 1.0000
vt 0.9645 1.0000 1.0000
vt 0.8719 1.0000 1.0000
vt 0.9090 1.0000 1.0000
vt 0.8163 1.0000 1.0000
vt 0.8534 1.0000 1.0000
vt 0.7607 1.0000 1.0000
vt 0.7978 1.0000 1.0000
vt 0.7052 1.0000 1.0000
vt 0.7423 1.0000 1.0000
vt 0.2918 1.0000 -0.0868
vt 0.6252 1.0000 0.8130
vt 0.1082 1.0000 -0.5936
vt 0.1803 1.0000 -0.3897
vt 0.0726 1.0000 -1.0000
vt 0.0763 1.0000 -1.0000
vt 0.1757 1.0000 -0.8947
vt 0.3143 1.0000 -0.6814
vt 0.4752 1.0000 -0.3860
vt 0.6392 1.0000 -0.0440
vt 0.7863 1.0000 0.3033
vt 0.8989 1.0000 0.6140
vt 0.9634 1.0000 0.8507
vt 0.9720 1.0000 0.9847
vt 0.9237 1.0000 1.0000
vt 0.8682 1.0000 1.0000
vt 0.8126 1.0000 1.0000
vt 0.7570 1.0000 1.0000
vt 0.7015 1.0000 1.0000
vt 0.2586 1.0000 -0.1766
vt 0.0625 1.0000 -0.7495
vt 0.0280 1.0000 -0.9847
vt 0.0989 1.0000 -0.6202
vt 0.8052 0.0000 1.0000
vt 0.8411 0.0000 1.0000
vt 0.7824 0.0000 1.0000
vt 0.7895 0.0000 1.0000
vt 0.3345 0.0000 -0.0134
vt 0.1695 0.0000 -0.4160
vt 0.2061 0.0000 -0.3214
vt 0.2989 0.0000 -0.0987
vt 0.3400 0.0000 -0.0000
vt 0.1650 0.0000 -0.4332
vt 0.0708 0.0000 -0.7172
vt 0.0288 0.0000 -0.9141
vt 0.0600 0.0000 -1.0000
vt 0.0439 0.0000 -1.0000
vt 0.1143 0.0000 -0.9647
vt 0.3921 0.0000 -0.5584
vt 0.3330 0.0000 -0.6519
vt 0.7282 0.0000 0.1445
vt 0.6617 0.0000 0.0038
vt 0.8649 0.0000 0.4918
vt 0.8069 0.0000 0.3527
vt 0.9291 0.0000 0.7167
vt 0.9712 0.0000 0.9139
vt 0.6389 1.0000 1.0000
vt 0.6389 -0.0000 1.0000
vt 0.6944 -0.0000 1.0000
vt 0.5833 1.0000 1.0000
vt 0.5278 1.0000 1.0000
vt 0.5278 -0.0000 1.0000
vt 0.5833 -0.0000 1.0000
vt 0.4722 1.0000 1.0000
vt 0.4722 -0.0000 1.0000
vt 0.2500 0.0000 1.0000
vt 0.3056 0.0000 1.0000
vt 0.3056 1.0000 1.0000
vt 0.2500 1.0000 1.0000
vt 0.1944 1.0000 1.0000
vt 0.1944 0.0000 1.0000
vt 0.1389 1.0000 1.0000
vt 0.1389 0.0000 1.0000
vt 0.0833 1.0000 1.0000
vt 0.0833 0.0000 1.0000
vt 0.0278 1.0000 1.0000
vt -0.0278 1.0000 1.0000
vt -0.0278 0.0000 1.0000
vt 0.0278 0.0000 1.0000
vt 0.3611 -0.0000 1.0000
vt 0.3611 1.0000 1.0000
vt 0.3056 -0.0000 1.0000
vt 0.4167 1.0000 1.0000
vt 0.3611 0.0000 1.0000
vt 0.4167 0.0000 1.0000
vt 0.4167 -0.0000 1.0000
vt 0.6944 0.0000 1.0000
vt 0.0833 -0.0000 1.0000
vt 0.0278 -0.0000 1.0000
vt 0.9722 -0.0000 1.0000
vt 0.9005 0.0000 1.0000
vt 0.6389 0.0147 1.0000
vt 0.6944 0.0351 1.0000
vt 0.6944 0.2000 1.0000
vt 0.6389 0.2000 1.0000
vt 0.5833 0.2000 1.0000
vt 0.5833 0.0016 1.0000
vt 0.5686 0.0000 1.0000
vt 0.5278 0.2000 1.0000
vt 0.5278 0.0000 1.0000
vt 0.0524 0.0000 -1.0000
vt 0.0719 0.0000 -0.7130
vt 0.4167 0.0039 1.0000
vt 0.4476 -0.0000 1.0000
vt 0.4722 0.0000 1.0000
vt 0.4722 0.2000 1.0000
vt 0.4167 0.2000 1.0000
vt 0.3611 0.2000 1.0000
vt 0.3611 0.0162 1.0000
vt 0.3056 0.0332 1.0000
vt 0.3056 0.2000 1.0000
vt 0.2500 0.2000 1.0000
vt 0.2500 0.0342 1.0000
vt 0.3022 0.0343 1.0000
vt 0.1944 0.2000 1.0000
vt 0.1944 0.0290 1.0000
vt 0.2054 0.0341 1.0000
vt 0.1389 0.2000 1.0000
vt 0.1389 0.0121 1.0000
vt 0.0841 -0.0000 1.0000
vt 0.0833 0.2000 1.0000
vt 0.8611 0.0098 1.0000
vt 0.9033 0.0000 1.0000
vt 0.9167 0.2000 1.0000
vt 0.8611 0.2000 1.0000
vt 0.8056 0.0300 1.0000
vt 0.8056 0.2000 1.0000
vt 0.7500 0.2000 1.0000
vt 0.7500 0.0368 1.0000
vt 0.7891 0.0366 1.0000
vt 0.8056 0.4000 1.0000
vt 0.7500 0.4000 1.0000
vt 0.8056 0.6000 1.0000
vt 0.7500 0.6000 1.0000
vt 0.6944 0.4000 1.0000
vt 0.6944 0.6000 1.0000
vt 0.6389 0.6000 1.0000
vt 0.6389 0.4000 1.0000
vt 0.5833 0.6000 1.0000
vt 0.5833 0.4000 1.0000
vt 0.5278 0.6000 1.0000
vt 0.5278 0.4000 1.0000
vt 0.4167 0.6000 1.0000
vt 0.4167 0.4000 1.0000
vt 0.4722 0.4000 1.0000
vt 0.4722 0.6000 1.0000
vt 0.3611 0.6000 1.0000
vt 0.3611 0.4000 1.0000
vt 0.3056 0.4000 1.0000
vt 0.3056 0.6000 1.0000
vt 0.2500 0.6000 1.0000
vt 0.2500 0.4000 1.0000
vt 0.1944 0.4000 1.0000
vt 0.1944 0.6000 1.0000
vt 0.1389 0.6000 1.0000
vt 0.1389 0.4000 1.0000
vt 0.0833 0.6000 1.0000
vt 0.0833 0.4000 1.0000
vt 0.0278 0.4000 1.0000
vt 0.0278 0.6000 1.0000
vt 0.9722 0.4000 1.0000
vt 0.9722 0.6000 1.0000
vt 0.9167 0.6000 1.0000
vt 0.9167 0.4000 1.0000
vt 0.8611 0.4000 1.0000
vt 0.8611 0.6000 1.0000
vt 0.9167 0.8000 1.0000
vt 0.8611 0.8000 1.0000
vt 0.8056 0.8000 1.0000
vt 0.8056 0.8167 1.0000
vt 0.8611 0.8167 1.0000
vt 0.7500 0.8000 1.0000
vt 0.7500 0.8167 1.0000
vt 0.6944 0.8000 1.0000
vt 0.6944 0.8167 1.0000
vt 0.6389 0.8167 1.0000
vt 0.6389 0.8000 1.0000
vt 0.5833 0.8000 1.0000
vt 0.5833 0.8167 1.0000
vt 0.5278 0.8167 1.0000
vt 0.5278 0.8000 1.0000
vt 0.4722 0.8167 1.0000
vt 0.4722 0.8000 1.0000
vt 0.4167 0.8167 1.0000
vt 0.4167 0.8000 1.0000
vt 0.3611 0.8000 1.0000
vt 0.3611 0.8167 1.0000
vt 0.3056 0.8000 1.0000
vt 0.3056 0.8167 1.0000
vt 0.2500 0.8167 1.0000
vt 0.2500 0.8000 1.0000
vt 0.1944 0.8167 1.0000
vt 0.1944 0.8000 1.0000
vt 0.1389 0.8000 1.0000
vt 0.1389 0.8167 1.0000
vt 0.0833 0.8000 1.0000
vt 0.0833 0.8167 1.0000
vt 0.0278 0.8167 1.0000
vt 0.0278 0.8000 1.0000
vt -0.0278 0.8167 1.0000
vt -0.0278 0.8000 1.0000
vt 0.9167 0.8167 1.0000
vt 0.9722 0.8000 1.0000
vt 0.9722 0.8167 1.0000
vt 0.9722 0.8333 1.0000
vt 0.9167 0.8333 1.0000
vt 0.8611 0.8333 1.0000
vt 0.9167 0.8500 1.0000
vt 0.8611 0.8500 1.0000
vt 0.8056 0.8500 1.0000
vt 0.8056 0.8333 1.0000
vt 0.7500 0.8500 1.0000
vt 0.7500 0.8333 1.0000
vt 0.6944 0.8333 1.0000
vt 0.6944 0.8500 1.0000
vt 0.6389 0.8333 1.0000
vt 0.6389 0.8500 1.0000
vt 0.5833 0.8500 1.0000
vt 0.5833 0.8333 1.0000
vt 0.5278 0.8500 1.0000
vt 0.5278 0.8333 1.0000
vt 0.4722 0.8500 1.0000
vt 0.4722 0.8333 1.0000
vt 0.4167 0.8500 1.0000
vt 0.4167 0.8333 1.0000
vt 0.3611 0.8500 1.0000
vt 0.3611 0.8333 1.0000
vt 0.3056 0.8500 1.0000
vt 0.3056 0.8333 1.0000
vt 0.2500 0.8500 1.0000
vt 0.2500 0.8333 1.0000
vt 0.1944 0.8500 1.0000
vt 0.1944 0.8333 1.0000
vt 0.1389 0.8333 1.0000
vt 0.1389 0.8500 1.0000
vt 0.0833 0.8500 1.0000
vt 0.0833 0.8333 1.0000
vt 0.0278 0.8500 1.0000
vt 0.0278 0.8333 1.0000
vt -0.0278 0.8500 1.0000
vt -0.0278 0.8333 1.0000
vt 0.0278 0.8667 1.0000
vt -0.0278 0.8667 1.0000
vt 0.0278 0.9000 1.0000
vt -0.0278 0.9000 1.0000
vt 0.9722 0.9000 1.0000
vt 0.9167 0.9000 1.0000
vt 0.9167 0.8667 1.0000
vt 0.9722 0.8667 1.0000
vt 0.8611 0.9000 1.0000
vt 0.8611 0.8667 1.0000
vt 0.8056 0.9000 1.0000
vt 0.8056 0.8667 1.0000
vt 0.7500 0.9000 1.0000
vt 0.7500 0.8667 1.0000
vt 0.6944 0.9000 1.0000
vt 0.6944 0.8667 1.0000
vt 0.6389 0.9000 1.0000
vt 0.6389 0.8667 1.0000
vt 0.5833 0.8667 1.0000
vt 0.5833 0.9000 1.0000
vt 0.5278 0.8667 1.0000
vt 0.5278 0.9000 1.0000
vt 0.4722 0.9000 1.0000
vt 0.4722 0.8667 1.0000
vt 0.4167 0.9000 1.0000
vt 0.4167 0.8667 1.0000
vt 0.3611 0.8667 1.0000
vt 0.3611 0.9000 1.0000
vt 0.3056 0.9000 1.0000
vt 0.3056 0.8667 1.0000
vt 0.2500 0.9000 1.0000
vt 0.2500 0.8667 1.0000
vt 0.1944 0.9000 1.0000
vt 0.1944 0.8667 1.0000
vt 0.1389 0.8667 1.0000
vt 0.1389 0.9000 1.0000
vt 0.0833 0.9000 1.0000
vt 0.0833 0.8667 1.0000
vt 0.1389 0.9167 1.0000
vt 0.0833 0.9167 1.0000
vt 0.0278 0.9167 1.0000
vt 0.0833 0.9333 1.0000
vt 0.0278 0.9333 1.0000
vt -0.0278 0.9333 1.0000
vt -0.0278 0.9167 1.0000
vt 0.9167 0.9167 1.0000
vt 0.9722 0.9167 1.0000
vt 0.9722 0.9333 1.0000
vt 0.9167 0.9333 1.0000
vt 0.8611 0.9333 1.0000
vt 0.8611 0.9167 1.0000
vt 0.8056 0.9333 1.0000
vt 0.8056 0.9167 1.0000
vt 0.7500 0.9333 1.0000
vt 0.7500 0.9167 1.0000
vt 0.6944 0.9333 1.0000
vt 0.6944 0.9167 1.0000
vt 0.6389 0.9333 1.0000
vt 0.6389 0.9167 1.0000
vt 0.5833 0.9333 1.0000
vt 0.5833 0.9167 1.0000
vt 0.5278 0.9333 1.0000
vt 0.5278 0.9167 1.0000
vt 0.4722 0.9333 1.0000
vt 0.4722 0.9167 1.0000
vt 0.4167 0.9333 1.0000
vt 0.4167 0.9167 1.0000
vt 0.3611 0.9167 1.0000
vt 0.3611 0.9333 1.0000
vt 0.3056 0.9333 1.0000
vt 0.3056 0.9167 1.0000
vt 0.2500 0.9333 1.0000
vt 0.2500 0.9167 1.0000
vt 0.1944 0.9333 1.0000
vt 0.1944 0.9167 1.0000
vt 0.1389 0.9333 1.0000
vt 0.1944 0.9667 1.0000
vt 0.1389 0.9667 1.0000
vt 0.0833 0.9667 1.0000
vt 0.1389 0.9833 1.0000
vt 0.0833 0.9833 1.0000
vt 0.0278 0.9667 1.0000
vt 0.0278 0.9833 1.0000
vt -0.0278 0.9833 1.0000
vt -0.0278 0.9667 1.0000
vt 0.9722 0.9833 1.0000
vt 0.9167 0.9833 1.0000
vt 0.9167 0.9667 1.0000
vt 0.9722 0.9667 1.0000
vt 0.8611 0.9833 1.0000
vt 0.8611 0.9667 1.0000
vt 0.8056 0.9667 1.0000
vt 0.8056 0.9833 1.0000
vt 0.7500 0.9833 1.0000
vt 0.7500 0.9667 1.0000
vt 0.6944 0.9833 1.0000
vt 0.6944 0.9667 1.0000
vt 0.6389 0.9833 1.0000
vt 0.6389 0.9667 1.0000
vt 0.5833 0.9833 1.0000
vt 0.5833 0.9667 1.0000
vt 0.5278 0.9833 1.0000
vt 0.5278 0.9667 1.0000
vt 0.4722 0.9833 1.0000
vt 0.4722 0.9667 1.0000
vt 0.4167 0.9833 1.0000
vt 0.4167 0.9667 1.0000
vt 0.3611 0.9667 1.0000
vt 0.3611 0.9833 1.0000
vt 0.3056 0.9833 1.0000
vt 0.3056 0.9667 1.0000
vt 0.2500 0.9833 1.0000
vt 0.2500 0.9667 1.0000
vt 0.1944 0.9833 1.0000
vt 0.6600 1.0000 -0.0000
vt 0.0598 1.0000 -1.0000
vt 0.1444 1.0000 -0.9304
vt 0.4064 1.0000 0.2223
vt 0.7179 1.0000 1.0000
vt 0.8290 1.0000 1.0000
vt 0.7735 1.0000 1.0000
vt 0.1330 1.0000 -0.5236
vt 0.0538 1.0000 -0.7835
vt 0.9462 1.0000 0.7835
vt 0.9716 1.0000 0.9490
vt 0.9402 1.0000 1.0000
vt 0.8846 1.0000 1.0000
vt 0.7899 1.0000 0.3119
vt 0.6332 1.0000 -0.0642
vt 0.4614 1.0000 -0.4303
vt 0.2951 1.0000 -0.7422
vt 0.1546 1.0000 -0.9624
vt 0.0566 1.0000 -1.0642
vt 0.0130 1.0000 -1.0354
vt 0.1030 1.0000 -0.6151
vt 0.2257 1.0000 -0.2743
vt 0.3825 1.0000 0.1018
vt 0.5543 1.0000 0.4679
vt 0.7205 1.0000 0.7799
vt 0.4268 1.0000 -0.4764
vt 0.5906 1.0000 -0.1468
vt 0.8670 1.0000 0.5236
vt 0.2719 1.0000 -0.7485
vt 0.0284 1.0000 -0.9490
vt 0.9722 0.8500 1.0000
vt 0.9722 0.2000 1.0000
vt 0.0278 0.2000 1.0000
vt -0.0278 0.2000 1.0000
vt 0.9114 0.0000 0.6490
vt 0.6969 0.0367 1.0000
vt 0.5833 0.5377 0.0000
vt 0.5833 0.5417 0.0000
vt 0.5468 0.5417 0.0000
vt 0.5833 0.5609 0.0000
vt 0.5833 0.6188 0.0000
vt 0.5833 0.6250 0.0000
vt 0.5716 0.6249 0.0000
vt 0.5833 0.6262 0.0000
vt 0.5716 0.6250 0.0000
vt 0.6268 0.7083 0.0000
vt 0.6667 0.7083 0.0000
vt 0.6667 0.7500 0.0000
vt 0.6565 0.7498 0.0000
vt 0.6667 0.7520 0.0000
vt 0.6565 0.7500 0.0000
vt 0.6667 0.7820 0.0000
vt 0.6667 0.7917 0.0000
vt 0.6598 0.7916 0.0000
vt 0.6667 0.7936 0.0000
vt 0.6598 0.7917 0.0000
vt 0.7315 0.9163 0.0000
vt 0.7089 0.8750 0.0000
vt 0.7500 0.8750 0.0000
vt 0.7500 0.9167 0.0000
vt 0.7500 0.9671 0.0000
vt 0.7263 0.9583 0.0000
vt 0.7500 0.9583 0.0000
vt 0.7500 0.9872 0.0000
vt 0.7500 1.0000 0.0000
vt 0.7291 0.9996 0.0000
vt 0.7500 0.0128 0.0000
vt 0.7291 0.0000 0.0000
vt 0.7500 0.0000 0.0000
vt 0.7500 0.0375 0.0000
vt 0.7500 0.0417 0.0000
vt 0.7386 0.0414 0.0000
vt 0.7500 0.0625 0.0000
vt 0.7386 0.0417 0.0000
vt 0.8333 0.1250 0.0000
vt 0.7500 0.1233 0.0000
vt 0.7500 0.0917 0.0000
vt 0.7548 0.0833 0.0000
vt 0.8333 0.0833 0.0000
vt 0.7500 0.0921 0.0000
vt 0.7500 0.1250 0.0000
vt 0.7320 0.1246 0.0000
vt 0.7500 0.1316 0.0000
vt 0.7320 0.1250 0.0000
vt 0.7500 0.1422 0.0000
vt 0.7500 0.1667 0.0000
vt 0.7101 0.1658 0.0000
vt 0.7500 0.2083 0.0000
vt 0.7500 0.2500 0.0000
vt 0.6951 0.2489 0.0000
vt 0.7164 0.2437 0.0000
vt 0.6970 0.2083 0.0000
vt 0.7500 0.2917 0.0000
vt 0.6729 0.2901 0.0000
vt 0.6951 0.2500 0.0000
vt 0.6667 0.3169 0.0000
vt 0.6667 0.3333 0.0000
vt 0.6315 0.3328 0.0000
vt 0.6667 0.3498 0.0000
vt 0.6315 0.3333 0.0000
vt 0.6667 0.3592 0.0000
vt 0.6667 0.3750 0.0000
vt 0.6106 0.3741 0.0000
vt 0.6371 0.4120 0.0000
vt 0.6106 0.3750 0.0000
vt 0.6667 0.4167 0.0000
vt 0.6160 0.4159 0.0000
vt 0.6160 0.4167 0.0000
vt 0.6667 0.4583 0.0000
vt 0.5868 0.4571 0.0000
vt 0.5833 0.4902 0.0000
vt 0.5833 0.5000 0.0000
vt 0.5280 0.4997 0.0000
vt 0.7500 0.4583 0.0000
vt 0.7500 0.5000 0.0000
vt 0.6667 0.4983 0.0000
vt 0.8333 0.5000 0.0000
vt 0.7500 0.4983 0.0000
vt 0.8333 0.4583 0.0000
vt 0.9167 0.4583 0.0000
vt 0.9167 0.5000 0.0000
vt 0.8333 0.4988 0.0000
vt 0.9167 0.4996 0.0000
vt 1.0000 0.4583 0.0000
vt 0.0000 0.4583 0.0000
vt 0.0833 0.4588 0.0000
vt 0.0833 0.5000 0.0000
vt 0.0833 0.4583 0.0000
vt 0.1667 0.4595 0.0000
vt 0.1667 0.5000 0.0000
vt 0.1667 0.4583 0.0000
vt 0.2500 0.4600 0.0000
vt 0.2500 0.5000 0.0000
vt 0.3333 0.4601 0.0000
vt 0.2500 0.4583 0.0000
vt 0.3333 0.4583 0.0000
vt 0.3333 0.4167 0.0000
vt 0.3840 0.4175 0.0000
vt 0.4132 0.4583 0.0000
vt 0.3333 0.3592 0.0000
vt 0.3894 0.3750 0.0000
vt 0.3333 0.3750 0.0000
vt 0.3333 0.3498 0.0000
vt 0.3685 0.3339 0.0000
vt 0.3333 0.3169 0.0000
vt 0.3685 0.3333 0.0000
vt 0.3049 0.2511 0.0000
vt 0.3271 0.2917 0.0000
vt 0.2500 0.2917 0.0000
vt 0.2500 0.2500 0.0000
vt 0.2500 0.1422 0.0000
vt 0.2899 0.1667 0.0000
vt 0.2500 0.1667 0.0000
vt 0.2500 0.1316 0.0000
vt 0.2500 0.1250 0.0000
vt 0.2680 0.1254 0.0000
vt 0.2500 0.0921 0.0000
vt 0.2680 0.1250 0.0000
vt 0.2500 0.0625 0.0000
vt 0.2500 0.0417 0.0000
vt 0.2614 0.0419 0.0000
vt 0.2500 0.0375 0.0000
vt 0.2614 0.0417 0.0000
vt 0.2500 0.0128 0.0000
vt 0.2500 0.0000 0.0000
vt 0.2709 0.0004 0.0000
vt 0.2500 0.9872 0.0000
vt 0.2709 1.0000 0.0000
vt 0.2500 1.0000 0.0000
vt 0.2500 0.9671 0.0000
vt 0.2500 0.9583 0.0000
vt 0.2737 0.9588 0.0000
vt 0.2500 0.9167 0.0000
vt 0.2685 0.9171 0.0000
vt 0.2531 0.9208 0.0000
vt 0.2737 0.9583 0.0000
vt 0.2911 0.8759 0.0000
vt 0.2685 0.9167 0.0000
vt 0.2500 0.8750 0.0000
vt 0.3333 0.7936 0.0000
vt 0.3333 0.7917 0.0000
vt 0.3402 0.7918 0.0000
vt 0.3333 0.7820 0.0000
vt 0.3402 0.7917 0.0000
vt 0.3333 0.7520 0.0000
vt 0.3333 0.7500 0.0000
vt 0.3435 0.7502 0.0000
vt 0.3435 0.7500 0.0000
vt 0.3333 0.7083 0.0000
vt 0.3732 0.7090 0.0000
vt 0.4167 0.6263 0.0000
vt 0.4167 0.6250 0.0000
vt 0.4284 0.6250 0.0000
vt 0.4167 0.6188 0.0000
vt 0.4167 0.5617 0.0000
vt 0.4010 0.5833 0.0000
vt 0.3333 0.5833 0.0000
vt 0.3333 0.5417 0.0000
vt 0.4167 0.5430 0.0000
vt 0.4167 0.5609 0.0000
vt 0.4167 0.5417 0.0000
vt 0.4532 0.5419 0.0000
vt 0.4167 0.5378 0.0000
vt 0.4532 0.5417 0.0000
vt 0.3333 0.5434 0.0000
vt 0.2500 0.5833 0.0000
vt 0.2500 0.5417 0.0000
vt 0.1667 0.5833 0.0000
vt 0.1667 0.5417 0.0000
vt 0.2500 0.5433 0.0000
vt 0.1667 0.5429 0.0000
vt 0.0833 0.5833 0.0000
vt 0.0833 0.5417 0.0000
vt 0.0833 0.5421 0.0000
vt 0.0000 0.5833 0.0000
vt 0.0000 0.5417 0.0000
vt 0.9167 0.5829 0.0000
vt 0.9167 0.5417 0.0000
vt 1.0000 0.5417 0.0000
vt 1.0000 0.5833 0.0000
vt 0.9167 0.5833 0.0000
vt 0.8333 0.5821 0.0000
vt 0.8333 0.5417 0.0000
vt 0.8333 0.5833 0.0000
vt 0.7500 0.5817 0.0000
vt 0.7500 0.5417 0.0000
vt 0.6667 0.5417 0.0000
vt 0.7500 0.5833 0.0000
vt 0.6667 0.5816 0.0000
vt 0.7500 0.6250 0.0000
vt 0.6667 0.6233 0.0000
vt 0.6667 0.5833 0.0000
vt 0.7500 0.6650 0.0000
vt 0.8333 0.6250 0.0000
vt 0.8333 0.6667 0.0000
vt 0.7500 0.6667 0.0000
vt 0.6667 0.6649 0.0000
vt 0.6667 0.6250 0.0000
vt 0.8333 0.7083 0.0000
vt 0.7500 0.7067 0.0000
vt 0.7500 0.7083 0.0000
vt 0.6667 0.7066 0.0000
vt 0.6667 0.6667 0.0000
vt 0.8333 0.7500 0.0000
vt 0.7500 0.7483 0.0000
vt 0.7500 0.7500 0.0000
vt 0.6667 0.7483 0.0000
vt 0.8333 0.7917 0.0000
vt 0.7500 0.7900 0.0000
vt 0.9167 0.7917 0.0000
vt 0.8333 0.7905 0.0000
vt 0.9167 0.7500 0.0000
vt 1.0000 0.7500 0.0000
vt 1.0000 0.7917 0.0000
vt 0.9167 0.7912 0.0000
vt 0.0000 0.7917 0.0000
vt 0.0000 0.7500 0.0000
vt 0.0833 0.7504 0.0000
vt 0.0833 0.7917 0.0000
vt 0.0833 0.7500 0.0000
vt 0.1667 0.7512 0.0000
vt 0.1667 0.7917 0.0000
vt 0.1667 0.7500 0.0000
vt 0.2500 0.7517 0.0000
vt 0.2500 0.7917 0.0000
vt 0.2500 0.7100 0.0000
vt 0.2500 0.7500 0.0000
vt 0.1667 0.7083 0.0000
vt 0.1667 0.6667 0.0000
vt 0.2500 0.6683 0.0000
vt 0.2500 0.7083 0.0000
vt 0.3333 0.6684 0.0000
vt 0.2500 0.6667 0.0000
vt 0.1667 0.6250 0.0000
vt 0.2500 0.6267 0.0000
vt 0.2500 0.6250 0.0000
vt 0.3333 0.6267 0.0000
vt 0.2500 0.5850 0.0000
vt 0.1667 0.6262 0.0000
vt 0.0833 0.6667 0.0000
vt 0.0833 0.6250 0.0000
vt 0.0000 0.6250 0.0000
vt 0.0833 0.6254 0.0000
vt 0.9167 0.6662 0.0000
vt 0.9167 0.6250 0.0000
vt 1.0000 0.6250 0.0000
vt 0.9167 0.6667 0.0000
vt 0.8333 0.6655 0.0000
vt 1.0000 0.7083 0.0000
vt 0.9167 0.7079 0.0000
vt 0.9167 0.7083 0.0000
vt 0.8333 0.7071 0.0000
vt 0.9167 0.7496 0.0000
vt 0.0833 0.6671 0.0000
vt 0.0833 0.7083 0.0000
vt 0.0000 0.7083 0.0000
vt 0.1667 0.6679 0.0000
vt 0.0833 0.5838 0.0000
vt 0.1667 0.5845 0.0000
vt 0.1667 0.7095 0.0000
vt 0.0833 0.8333 0.0000
vt 0.1667 0.7929 0.0000
vt 0.1667 0.8333 0.0000
vt 0.1667 0.8345 0.0000
vt 0.1667 0.8750 0.0000
vt 0.0833 0.8750 0.0000
vt 0.0000 0.8750 0.0000
vt 0.0833 0.8338 0.0000
vt 1.0000 0.8750 0.0000
vt 0.9167 0.8746 0.0000
vt 0.9167 0.8333 0.0000
vt 0.9167 0.8750 0.0000
vt 0.8333 0.8738 0.0000
vt 0.8333 0.8333 0.0000
vt 0.8333 0.8750 0.0000
vt 0.7500 0.8733 0.0000
vt 0.7500 0.8333 0.0000
vt 0.8333 0.9155 0.0000
vt 0.9167 0.9167 0.0000
vt 0.8333 0.9167 0.0000
vt 0.7500 0.9150 0.0000
vt 0.9167 0.9583 0.0000
vt 0.8333 0.9571 0.0000
vt 0.8333 0.9583 0.0000
vt 0.7500 0.9567 0.0000
vt 0.8333 0.9988 0.0000
vt 0.9167 1.0000 0.0000
vt 0.8333 0.0405 0.0000
vt 0.9167 0.0000 0.0000
vt 0.9167 0.0417 0.0000
vt 0.9167 0.0833 0.0000
vt 0.8333 0.0821 0.0000
vt 0.8333 0.0417 0.0000
vt 0.9167 0.1250 0.0000
vt 0.8333 0.1238 0.0000
vt 1.0000 0.0833 0.0000
vt 1.0000 0.1250 0.0000
vt 0.9167 0.1246 0.0000
vt 0.0000 0.1250 0.0000
vt 0.0000 0.0833 0.0000
vt 0.0833 0.0838 0.0000
vt 0.0833 0.1250 0.0000
vt 0.0833 0.0833 0.0000
vt 0.1667 0.0845 0.0000
vt 0.1667 0.1250 0.0000
vt 0.1667 0.0429 0.0000
vt 0.1667 0.0833 0.0000
vt 0.0833 0.0417 0.0000
vt 0.0833 0.0000 0.0000
vt 0.1667 0.0012 0.0000
vt 0.1667 0.0417 0.0000
vt 0.0833 0.9583 0.0000
vt 0.1667 0.9595 0.0000
vt 0.0833 1.0000 0.0000
vt 0.1667 0.9179 0.0000
vt 0.1667 0.9583 0.0000
vt 0.0833 0.9167 0.0000
vt 0.1667 0.8762 0.0000
vt 0.1667 0.9167 0.0000
vt 0.0833 0.9171 0.0000
vt 0.0000 0.9583 0.0000
vt 0.0000 0.9167 0.0000
vt 0.9167 0.9579 0.0000
vt 1.0000 0.9167 0.0000
vt 1.0000 0.9583 0.0000
vt 0.0833 0.8754 0.0000
vt 0.0833 0.1667 0.0000
vt 0.1667 0.1262 0.0000
vt 0.1667 0.1667 0.0000
vt 0.1667 0.2083 0.0000
vt 0.0833 0.2083 0.0000
vt 0.1667 0.1679 0.0000
vt 0.0833 0.1671 0.0000
vt 0.0000 0.2083 0.0000
vt 1.0000 0.2083 0.0000
vt 0.9167 0.2079 0.0000
vt 0.9167 0.1667 0.0000
vt 0.9167 0.2083 0.0000
vt 0.8333 0.2071 0.0000
vt 0.8333 0.1667 0.0000
vt 0.8333 0.2488 0.0000
vt 0.8333 0.2083 0.0000
vt 0.9167 0.2500 0.0000
vt 0.8333 0.2500 0.0000
vt 0.7500 0.2483 0.0000
vt 0.9167 0.2917 0.0000
vt 0.8333 0.2905 0.0000
vt 0.8333 0.2917 0.0000
vt 0.7500 0.2900 0.0000
vt 0.8333 0.3321 0.0000
vt 0.9167 0.3333 0.0000
vt 0.8333 0.3333 0.0000
vt 0.7500 0.3317 0.0000
vt 0.9167 0.3750 0.0000
vt 0.8333 0.3738 0.0000
vt 0.8333 0.3750 0.0000
vt 0.7500 0.3733 0.0000
vt 0.7500 0.3333 0.0000
vt 0.8333 0.4167 0.0000
vt 0.7500 0.4150 0.0000
vt 0.7500 0.3750 0.0000
vt 0.7500 0.4567 0.0000
vt 0.7500 0.4167 0.0000
vt 0.9167 0.4167 0.0000
vt 0.8333 0.4571 0.0000
vt 0.8333 0.4155 0.0000
vt 0.9167 0.4162 0.0000
vt 1.0000 0.3750 0.0000
vt 1.0000 0.4167 0.0000
vt 0.0000 0.3750 0.0000
vt 0.0833 0.3754 0.0000
vt 0.0833 0.4167 0.0000
vt 0.0000 0.4167 0.0000
vt 0.1667 0.4167 0.0000
vt 0.0833 0.3750 0.0000
vt 0.1667 0.3762 0.0000
vt 0.1667 0.3750 0.0000
vt 0.2500 0.3767 0.0000
vt 0.2500 0.4167 0.0000
vt 0.2500 0.3750 0.0000
vt 0.3333 0.3767 0.0000
vt 0.2500 0.3350 0.0000
vt 0.1667 0.3333 0.0000
vt 0.1667 0.2917 0.0000
vt 0.2500 0.2933 0.0000
vt 0.2500 0.3333 0.0000
vt 0.1667 0.2500 0.0000
vt 0.2500 0.2517 0.0000
vt 0.0833 0.2500 0.0000
vt 0.1667 0.2512 0.0000
vt 0.0833 0.2917 0.0000
vt 0.0000 0.2917 0.0000
vt 0.0000 0.2500 0.0000
vt 0.0833 0.2504 0.0000
vt 1.0000 0.2500 0.0000
vt 1.0000 0.2917 0.0000
vt 0.9167 0.2912 0.0000
vt 0.0833 0.2921 0.0000
vt 0.0833 0.3333 0.0000
vt 0.9167 0.3329 0.0000
vt 0.1667 0.2929 0.0000
vt 0.0833 0.2088 0.0000
vt 0.1667 0.2095 0.0000
vt 0.1667 0.3345 0.0000
vt 0.0833 0.3338 0.0000
vt 0.9167 0.3746 0.0000
vt 0.9167 0.4579 0.0000
vt 0.8333 0.1655 0.0000
vt 0.9167 0.2496 0.0000
vt 0.0833 0.1254 0.0000
vt 0.2500 0.2100 0.0000
vt 0.2500 0.2083 0.0000
vt 0.2500 0.1683 0.0000
vt 0.0000 0.0417 0.0000
vt 0.0833 0.0421 0.0000
vt 0.9167 0.0829 0.0000
vt 1.0000 0.0417 0.0000
vt 0.9167 0.1662 0.0000
vt 0.7500 0.8317 0.0000
vt 0.7500 0.7917 0.0000
vt 0.9167 0.9162 0.0000
vt 0.0833 0.7921 0.0000
vt 0.2500 0.8767 0.0000
vt 0.2500 0.8350 0.0000
vt 0.2500 0.7933 0.0000
vt 0.2500 0.8333 0.0000
vt 0.0833 0.7088 0.0000
vt 0.8333 0.7488 0.0000
vt 0.9167 0.8329 0.0000
vt 0.8333 0.8321 0.0000
vt 0.7500 0.6233 0.0000
vt 0.8333 0.6238 0.0000
vt 0.9167 0.6246 0.0000
vt 0.0833 0.5004 0.0000
vt 0.1667 0.5012 0.0000
vt 0.3333 0.5851 0.0000
vt 0.3333 0.6250 0.0000
vt 0.2500 0.5017 0.0000
vt 0.3333 0.5017 0.0000
vt 0.3333 0.7101 0.0000
vt 0.2500 0.9183 0.0000
vt 0.4167 0.4902 0.0000
vt 0.4720 0.5000 0.0000
vt 0.4167 0.5000 0.0000
vt 0.4720 0.5003 0.0000
vt 0.4167 0.5098 0.0000
vt 0.3333 0.4184 0.0000
vt 0.2500 0.4183 0.0000
vt 0.1667 0.4179 0.0000
vt 0.0833 0.4171 0.0000
vt 0.9167 0.5412 0.0000
vt 0.8333 0.5405 0.0000
vt 0.6667 0.4566 0.0000
vt 0.7500 0.5400 0.0000
vt 0.6667 0.5399 0.0000
vt 0.6667 0.5000 0.0000
vt 0.6667 0.4149 0.0000
vt 0.7500 0.2067 0.0000
vt 0.5833 0.5098 0.0000
vt 0.5280 0.5000 0.0000
vt 0.1925 1.0000 -0.8740
vt 0.2966 1.0000 -0.7094
vt 0.7167 1.0000 1.0000
vt 0.8356 1.0000 1.0000
vt 0.8766 1.0000 1.0000
vt 0.9722 1.0000 0.9951
vt 0.9722 1.0000 0.9977
vt 0.9714 1.0000 0.9254
vt 0.9708 1.0000 0.8772
vt 0.9708 1.0000 0.8745
vt 0.9486 1.0000 0.7928
vt 0.8977 1.0000 0.6105
vt 0.8199 1.0000 0.3903
vt 0.3230 0.0910 0.0000
vt 0.3081 0.1250 0.0000
vt 0.2500 0.0833 0.0000
vt 0.3333 0.0020 0.0000
vt 0.3333 -0.0000 0.0000
vt 0.3349 0.0002 0.0000
vt 0.3349 1.0000 0.0000
vt 0.3333 0.9583 0.0000
vt 0.3383 0.9588 0.0000
vt 0.3333 0.9505 0.0000
vt 0.3383 0.9583 0.0000
vt 0.3333 0.9298 0.0000
vt 0.3333 0.9167 0.0000
vt 0.3367 0.9170 0.0000
vt 0.3333 0.9093 0.0000
vt 0.3367 0.9167 0.0000
vt 0.3279 0.8750 0.0000
vt 0.3205 0.8407 0.0000
vt 0.3101 0.7146 0.0000
vt 0.3042 0.7235 0.0000
vt 0.3128 0.7500 0.0000
vt 0.3101 0.7083 0.0000
vt 0.3087 0.6728 0.0000
vt 0.3163 0.5070 0.0000
vt 0.3189 0.5417 0.0000
vt 0.2956 0.3750 0.0000
vt 0.2875 0.3373 0.0000
vt 0.2856 0.2500 0.0000
vt 0.2912 0.2127 0.0000
vt 0.2793 0.2308 0.0000
vt 0.2912 0.2083 0.0000
vt 0.2999 0.1719 0.0000
vt 0.2902 0.1819 0.0000
vt 0.2500 0.1739 0.0000
vt 0.1667 0.1714 0.0000
vt 0.0833 0.1683 0.0000
vt 0.9167 0.2067 0.0000
vt 0.8333 0.2036 0.0000
vt 0.7500 0.2011 0.0000
vt 0.7162 0.2881 0.0000
vt 0.7233 0.2773 0.0000
vt 0.7144 0.2500 0.0000
vt 0.7162 0.2917 0.0000
vt 0.7140 0.3296 0.0000
vt 0.7175 0.3259 0.0000
vt 0.7140 0.3333 0.0000
vt 0.7059 0.3704 0.0000
vt 0.6899 0.4882 0.0000
vt 0.6877 0.4583 0.0000
vt 0.6860 0.4933 0.0000
vt 0.6860 0.5000 0.0000
vt 0.6834 0.5347 0.0000
vt 0.6921 0.6606 0.0000
vt 0.6932 0.6591 0.0000
vt 0.6859 0.6250 0.0000
vt 0.6908 0.7021 0.0000
vt 0.6921 0.6667 0.0000
vt 0.6931 0.7682 0.0000
vt 0.6872 0.7500 0.0000
vt 0.6824 0.7846 0.0000
vt 0.6834 0.8200 0.0000
vt 0.6824 0.7917 0.0000
vt 0.6779 0.8258 0.0000
vt 0.6667 0.9167 0.0000
vt 0.6603 0.9161 0.0000
vt 0.6667 0.9029 0.0000
vt 0.6667 0.9411 0.0000
vt 0.6603 0.9167 0.0000
vt 0.6667 0.9453 0.0000
vt 0.6667 0.9583 0.0000
vt 0.6584 0.9575 0.0000
vt 0.6667 0.0062 0.0000
vt 0.6617 0.0000 0.0000
vt 0.6667 0.0151 0.0000
vt 0.6667 0.0417 0.0000
vt 0.6645 0.0415 0.0000
vt 0.6667 0.0451 0.0000
vt 0.6645 0.0417 0.0000
vt 0.6985 0.1613 0.0000
vt 0.6909 0.1261 0.0000
vt 0.6897 0.1250 0.0000
vt 0.7500 0.1178 0.0000
vt 0.7500 0.0833 0.0000
vt 0.8333 0.1203 0.0000
vt 0.9167 0.1234 0.0000
vt 0.0833 0.0850 0.0000
vt 0.1667 0.0880 0.0000
vt 0.2500 0.0906 0.0000
vt 0.1667 0.0464 0.0000
vt 0.2500 0.0489 0.0000
vt 0.0833 -0.0000 0.0000
vt 0.1667 0.0047 0.0000
vt 0.2500 0.0072 0.0000
vt 0.1667 0.9630 0.0000
vt 0.2500 0.9656 0.0000
vt 0.2500 0.9239 0.0000
vt 0.2500 0.8822 0.0000
vt 0.2500 0.8406 0.0000
vt 0.1667 0.8380 0.0000
vt 0.0833 0.8350 0.0000
vt 0.9167 0.8734 0.0000
vt 0.8333 0.8703 0.0000
vt 0.7500 0.8678 0.0000
vt 0.8333 0.9120 0.0000
vt 0.7500 0.9094 0.0000
vt 0.8333 0.9536 0.0000
vt 0.7500 0.9511 0.0000
vt 0.7500 0.9928 0.0000
vt 0.7500 0.0344 0.0000
vt 0.7500 -0.0000 0.0000
vt 0.8333 -0.0000 0.0000
vt 0.7500 0.0761 0.0000
vt 0.8333 0.0370 0.0000
vt 0.9167 -0.0000 0.0000
vt 0.9167 0.0400 0.0000
vt 1.0000 -0.0000 0.0000
vt 0.0000 -0.0000 0.0000
vt 0.0833 0.0016 0.0000
vt 0.9167 0.9984 0.0000
vt 0.0833 0.9600 0.0000
vt 0.9167 0.0817 0.0000
vt 0.8333 0.0786 0.0000
vt 0.8333 0.9953 0.0000
vt 0.9167 0.9567 0.0000
vt 0.0833 0.9183 0.0000
vt 0.0833 0.8766 0.0000
vt 0.8333 0.8286 0.0000
vt 0.8333 0.7870 0.0000
vt 0.9167 0.7900 0.0000
vt 0.0833 0.7516 0.0000
vt 0.1667 0.7547 0.0000
vt 0.2500 0.7572 0.0000
vt 0.1667 0.7130 0.0000
vt 0.2500 0.7156 0.0000
vt 0.1667 0.6714 0.0000
vt 0.2500 0.6739 0.0000
vt 0.1667 0.6297 0.0000
vt 0.2500 0.6322 0.0000
vt 0.1667 0.5880 0.0000
vt 0.2500 0.5906 0.0000
vt 0.1667 0.5464 0.0000
vt 0.2500 0.5489 0.0000
vt 0.1667 0.5047 0.0000
vt 0.2500 0.5072 0.0000
vt 0.1667 0.4630 0.0000
vt 0.2500 0.4656 0.0000
vt 0.1667 0.4214 0.0000
vt 0.2500 0.4239 0.0000
vt 0.1667 0.3797 0.0000
vt 0.2500 0.3822 0.0000
vt 0.1667 0.3380 0.0000
vt 0.2500 0.3406 0.0000
vt 0.1667 0.2964 0.0000
vt 0.2500 0.2989 0.0000
vt 0.1667 0.2547 0.0000
vt 0.2500 0.2572 0.0000
vt 0.1667 0.2130 0.0000
vt 0.0833 0.2516 0.0000
vt 0.9167 0.2900 0.0000
vt 0.8333 0.2870 0.0000
vt 0.7500 0.2844 0.0000
vt 0.8333 0.3286 0.0000
vt 0.7500 0.3261 0.0000
vt 0.8333 0.3703 0.0000
vt 0.7500 0.3678 0.0000
vt 0.8333 0.4120 0.0000
vt 0.7500 0.4094 0.0000
vt 0.0833 0.4245 0.0000
vt 0.0701 0.4167 0.0000
vt 0.0833 0.3766 0.0000
vt 0.9167 0.4150 0.0000
vt 0.8587 0.4167 0.0000
vt 0.8333 0.4271 0.0000
vt 0.8587 0.4151 0.0000
vt 0.7500 0.4928 0.0000
vt 0.7500 0.5344 0.0000
vt 0.7500 0.5761 0.0000
vt 0.8333 0.6203 0.0000
vt 0.7500 0.6178 0.0000
vt 0.8333 0.6620 0.0000
vt 0.7500 0.6594 0.0000
vt 0.8333 0.7036 0.0000
vt 0.7500 0.7011 0.0000
vt 0.8333 0.7453 0.0000
vt 0.9167 0.7067 0.0000
vt 0.0833 0.6683 0.0000
vt 0.9167 0.7484 0.0000
vt 0.9167 0.6650 0.0000
vt 0.0833 0.6266 0.0000
vt 0.9167 0.6234 0.0000
vt 0.0833 0.5850 0.0000
vt 0.7500 0.4511 0.0000
vt 0.9167 0.3734 0.0000
vt 0.0833 0.3350 0.0000
vt 0.9167 0.3317 0.0000
vt 0.0833 0.2933 0.0000
vt 0.0833 0.2100 0.0000
vt 0.2500 0.7989 0.0000
vt 0.0833 0.7100 0.0000
vt 0.9167 0.8317 0.0000
vt 0.7500 0.7428 0.0000
vt 0.7500 0.7844 0.0000
vt 0.7500 0.8261 0.0000
vt 0.9167 0.9150 0.0000
vt 0.1667 0.8797 0.0000
vt 0.0833 0.7933 0.0000
vt 0.1667 0.7964 0.0000
vt 0.1667 0.9214 0.0000
vt 0.0833 0.0433 0.0000
vt 0.9167 0.1650 0.0000
vt 0.8333 0.1620 0.0000
vt 0.7500 0.1594 0.0000
vt 0.6667 0.9913 0.0000
vt 0.7500 0.2428 0.0000
vt 0.8333 0.2453 0.0000
vt 0.9167 0.2484 0.0000
vt 0.0833 0.1266 0.0000
vt 0.2500 0.2156 0.0000
vt 0.1667 0.1297 0.0000
vt 0.2500 0.1322 0.0000
vt 0.3333 0.9671 0.0000
vt 0.3200 0.6667 0.0000
vt 0.2928 0.5000 0.0000
vt 0.2299 0.3333 0.0000
vt 0.1532 0.1667 0.0000
vt 0.0631 0.0000 0.0000
vt 0.3964 0.0000 0.0000
vt 0.4866 0.3336 0.0000
vt 0.5325 0.5034 0.0000
vt 0.5765 0.6665 0.0000
vt 0.3553 0.8113 0.0000
vt 0.2865 0.9770 0.0000
vt 0.2475 0.9923 0.0000
vt 0.2090 1.0233 0.0000
vt 0.1695 1.0242 0.0000
vt 0.1301 1.0282 0.0000
vt 0.0897 1.0021 0.0000
vt 0.0533 0.9737 0.0000
vt 0.0239 0.9094 0.0000
vt -0.0467 0.6747 0.0000
vt -0.0793 0.5153 0.0000
vt -0.0577 0.3524 0.0000
vt -0.0220 0.1887 0.0000
vt -0.0033 0.1100 0.0000
vt 0.0215 0.0399 0.0000
vt 0.0942 -0.0258 0.0000
vt 0.1334 -0.0352 0.0000
vt 0.1731 -0.0307 0.0000
vt 0.2133 -0.0098 0.0000
vt 0.2535 0.0101 0.0000
vt 0.3912 0.3246 0.0000
vt 0.4261 0.4839 0.0000
vt 0.4022 0.6469 0.0000
vt -0.0000 0.7081 0.0000
vt 0.9610 0.4863 0.0000
vt 0.9533 0.5282 0.0000
vt 0.9931 0.0071 0.0000
vt 1.0039 0.0286 0.0000
vt 1.0216 0.1596 0.0000
vt 0.7270 0.0000 0.0000
vt 0.7725 0.0000 0.0000
vt 0.8167 -0.0000 0.0000
vt 0.8609 -0.0000 0.0000
vt 0.9078 0.0000 0.0000
vt 0.9493 0.0000 0.0000
vt 0.9684 0.0000 0.0000
vt 0.1348 0.5371 0.0000
vt 0.1614 0.6094 0.0000
vt 0.2025 0.6578 0.0000
vt 0.0000 0.6555 0.0000
vt 0.2114 0.6683 0.0000
vt 0.2486 0.6895 0.0000
vt 0.3830 0.7153 0.0000
vt 0.4318 0.7068 0.0000
vt 0.4991 0.6683 0.0000
vt 0.4991 0.3291 0.0000
vt 0.4318 0.2906 0.0000
vt 0.3553 0.2773 0.0000
vt 0.2787 0.2906 0.0000
vt 0.2114 0.3291 0.0000
vt 0.8625 1.0000 1.0000
vt 0.8240 1.0000 0.4019
vt 0.0285 1.0000 -0.9390
vt 0.1908 1.0000 -0.3602
vt 0.0265 1.0000 -1.1061
vt 0.0306 1.0000 -0.7588
vt 0.0318 1.0000 -0.6527
vt 0.0327 1.0000 -0.5740
vt 0.0332 1.0000 -0.5321
vt 0.0256 1.0000 -1.1848
vt 0.0276 1.0000 -1.0138
vt 0.0278 1.0000 -0.9976
vt 0.0282 1.0000 -0.9671
vt 0.0286 1.0000 -0.9261
vt 0.0297 1.0000 -0.8327
vt 0.0302 1.0000 -0.7917
vt 0.0306 1.0000 -0.7612
vt 0.0307 1.0000 -0.7450
vt 0.0251 1.0000 -1.2267
vt 0.5589 1.0000 -0.2141
vt 0.6104 1.0000 -0.1049
vt 0.6503 1.0000 -0.0205
vt 0.5017 1.0000 -0.3351
vt 0.6716 1.0000 0.0280
vt 0.6756 1.0000 0.0376
vt 0.6636 1.0000 0.0088
vt 0.6321 1.0000 -0.0589
vt 0.5857 1.0000 -0.1572
vt 0.5306 1.0000 -0.2740
vt 0.4691 1.0000 -0.3975
vt 0.4077 1.0000 -0.5122
vt 0.3602 1.0000 -0.6008
vt 0.3320 1.0000 -0.6534
vt 0.3249 1.0000 -0.6646
vt 0.3435 1.0000 -0.6321
vt 0.3819 1.0000 -0.5604
vt 0.4371 1.0000 -0.4573
vt 0.4971 0.0000 -0.3452
vt 0.3551 0.0000 -0.6104
vt 0.5640 0.0000 -0.2202
vt 0.8352 0.0000 0.4337
vt 0.8819 0.0000 0.5658
vt 0.9172 0.0000 1.0000
vt 0.9562 0.0000 1.0000
vt 0.9591 1.0000 1.1018
vt 1.0026 1.0000 1.0730
vt 0.9865 1.0000 0.9170
vt 0.9347 0.0000 0.7385
vt 0.9516 0.0000 0.8044
vt 0.9901 0.0000 0.9543
vt 1.0070 0.0000 1.0203
vt 1.0195 0.0000 1.0692
vt 1.0262 0.0000 1.0952
vt 0.8235 0.0000 0.3054
vt 0.8033 0.0000 0.2267
vt 0.8615 0.0000 0.4534
vt 1.0290 0.0000 1.1061
vt 1.0802 0.0000 1.3054
vt 1.1182 0.0000 1.4534
vt 1.1384 0.0000 1.5321
vt 0.9221 0.0000 0.6896
vt 0.9154 0.0000 0.6636
vt 0.9615 1.0000 0.8432
vt 0.9324 1.0000 0.7298
vt 0.9128 1.0000 0.6534
vt 0.9178 1.0000 0.6729
vt 0.9328 1.0000 0.7314
vt 0.9614 1.0000 0.8429
vt 0.9714 1.0000 0.9322
vt 0.9716 1.0000 0.9433
vt 0.9230 1.0000 1.0000
vt 0.9423 1.0000 1.0000
vt 0.9704 1.0000 1.0000
vt 0.9702 1.0000 1.0000
vt 0.9425 1.0000 1.0000
vt 0.9236 1.0000 1.0000
vt 0.9209 1.0000 1.0000
vt 0.9177 1.0000 1.0000
vt -0.0278 0.4000 1.0000
vt 0.0279 0.1949 1.0000
vt 0.0349 0.5880 1.0000
vt -0.0161 0.7705 1.0000
vt -0.0715 0.7700 1.0000
vt -0.0206 0.5877 1.0000
vt 0.4649 0.5832 1.0000
vt 0.5279 0.2050 1.0000
vt 0.5204 0.5830 1.0000
vt 0.5712 0.7607 1.0000
vt 0.5158 0.7612 1.0000
vt 0.5833 0.6177 0.0000
vt 0.6071 0.5849 0.0000
vt 0.5990 0.5833 0.0000
vt 0.5833 0.6237 0.0000
vt 0.5891 0.6654 0.0000
vt 0.6403 0.6423 0.0000
vt 0.6268 0.7077 0.0000
vt 0.6587 0.6992 0.0000
vt 0.5891 0.6667 0.0000
vt 0.6667 0.7519 0.0000
vt 0.6667 0.7899 0.0000
vt 0.6667 0.7807 0.0000
vt 0.6806 0.7556 0.0000
vt 0.6667 0.7935 0.0000
vt 0.6790 0.8319 0.0000
vt 0.7142 0.8110 0.0000
vt 0.7089 0.8741 0.0000
vt 0.7323 0.8660 0.0000
vt 0.6790 0.8333 0.0000
vt 0.7263 0.9578 0.0000
vt 0.7469 0.9207 0.0000
vt 0.7315 0.9167 0.0000
vt 0.7101 0.1667 0.0000
vt 0.6970 0.2072 0.0000
vt 0.7476 0.1897 0.0000
vt 0.6667 0.3158 0.0000
vt 0.6942 0.2995 0.0000
vt 0.6729 0.2917 0.0000
vt 0.6667 0.3316 0.0000
vt 0.5833 0.4892 0.0000
vt 0.6267 0.4696 0.0000
vt 0.5868 0.4583 0.0000
vt 0.5833 0.4987 0.0000
vt 0.4132 0.4596 0.0000
vt 0.3733 0.4702 0.0000
vt 0.4167 0.4905 0.0000
vt 0.3894 0.3759 0.0000
vt 0.3629 0.4124 0.0000
vt 0.3840 0.4167 0.0000
vt 0.3030 0.2094 0.0000
vt 0.2836 0.2444 0.0000
vt 0.3049 0.2500 0.0000
vt 0.2899 0.1675 0.0000
vt 0.2524 0.1897 0.0000
vt 0.3030 0.2083 0.0000
vt 0.2500 0.0633 0.0000
vt 0.2393 0.0819 0.0000
vt 0.2452 0.0833 0.0000
vt 0.2500 0.0433 0.0000
vt 0.2677 0.8664 0.0000
vt 0.2911 0.8750 0.0000
vt 0.3210 0.8348 0.0000
vt 0.3333 0.7934 0.0000
vt 0.3333 0.7953 0.0000
vt 0.2858 0.8118 0.0000
vt 0.3210 0.8333 0.0000
vt 0.4109 0.6679 0.0000
vt 0.3413 0.6994 0.0000
vt 0.3732 0.7083 0.0000
vt 0.4167 0.6275 0.0000
vt 0.3597 0.6427 0.0000
vt 0.4109 0.6667 0.0000
vt 0.4167 0.5108 0.0000
vt 0.3798 0.5275 0.0000
vt 0.4167 0.5379 0.0000
vt 0.4167 0.5013 0.0000
vt 0.4010 0.5844 0.0000
vt 0.3929 0.5859 0.0000
vt 0.4167 0.6190 0.0000
vt 0.3333 0.7537 0.0000
vt 0.3194 0.7570 0.0000
vt 0.3333 0.7824 0.0000
vt 0.3333 0.7517 0.0000
vt 0.2500 0.9684 0.0000
vt 0.2290 0.9754 0.0000
vt 0.2500 0.9877 0.0000
vt 0.2500 0.9600 0.0000
vt 0.2452 0.0849 0.0000
vt 0.2500 0.0934 0.0000
vt 0.2390 0.1367 0.0000
vt 0.2500 0.1432 0.0000
vt 0.2500 0.1267 0.0000
vt 0.2500 0.1330 0.0000
vt 0.3271 0.2933 0.0000
vt 0.3058 0.3007 0.0000
vt 0.3333 0.3175 0.0000
vt 0.3239 0.3564 0.0000
vt 0.3333 0.3599 0.0000
vt 0.3333 0.3351 0.0000
vt 0.3333 0.3509 0.0000
vt 0.6667 0.3581 0.0000
vt 0.6761 0.3549 0.0000
vt 0.6667 0.3491 0.0000
vt 0.6667 0.3733 0.0000
vt 0.7500 0.1314 0.0000
vt 0.7500 0.1650 0.0000
vt 0.7500 0.1415 0.0000
vt 0.7610 0.1353 0.0000
vt 0.7548 0.0818 0.0000
vt 0.7607 0.0804 0.0000
vt 0.7500 0.0616 0.0000
vt 0.7500 0.0360 0.0000
vt 0.7757 0.0274 0.0000
vt 0.7500 0.0123 0.0000
vt 0.7500 0.0400 0.0000
vt 0.7500 0.9667 0.0000
vt 0.7500 0.9983 0.0000
vt 0.7500 0.9860 0.0000
vt 0.7710 0.9741 0.0000
vt 0.5833 0.5603 0.0000
vt 0.5990 0.5823 0.0000
vt 0.5833 0.5366 0.0000
vt 0.6202 0.5268 0.0000
vt 0.5833 0.5095 0.0000
vt 0.5833 0.5403 0.0000
vt 0.4746 1.0000 -0.3872
vt 0.4050 1.0000 -0.5171
vt 0.3961 1.0000 -0.5337
vt 0.1105 1.0000 -0.9691
vt 0.0524 1.0000 -1.0000
vt 0.0283 1.0000 -0.9541
vt 0.0291 1.0000 -0.8820
vt 0.0291 1.0000 -0.8842
vt 0.0277 1.0000 -1.0049
vt 0.0277 1.0000 -1.0025
vt 0.0439 1.0000 -0.8222
vt 0.1831 1.0000 -0.3818
vt 0.0967 1.0000 -0.6263
vt 0.5224 1.0000 0.5357
vt 0.7164 1.0000 1.0000
vt 0.7953 1.0000 1.0000
vt 0.7563 1.0000 1.0000
vt 0.7956 1.0000 1.0000
vt 0.9186 1.0000 1.0000
vt 0.9618 1.0000 1.0000
vt 0.7245 1.0000 0.1548
vt 0.6671 1.0000 0.0172
vt 0.7569 1.0000 0.2327
vt 0.4982 1.0000 -0.3427
vt 0.6567 1.0000 -0.0069
vt 0.6226 1.0000 -0.0792
vt 0.5144 1.0000 -0.3082
vt 0.3325 0.0503 0.0000
vt 0.3200 0.0707 0.0000
vt 0.3230 0.0833 0.0000
vt 0.3333 0.0087 0.0000
vt 0.3333 0.0103 0.0000
vt 0.3305 0.0140 0.0000
vt 0.3325 0.0417 0.0000
vt 0.3168 0.7987 0.0000
vt 0.3157 0.8278 0.0000
vt 0.3205 0.8333 0.0000
vt 0.3128 0.7566 0.0000
vt 0.3066 0.7751 0.0000
vt 0.3168 0.7917 0.0000
vt 0.3157 0.6319 0.0000
vt 0.3082 0.6659 0.0000
vt 0.3087 0.6667 0.0000
vt 0.3197 0.5906 0.0000
vt 0.3102 0.6125 0.0000
vt 0.3157 0.6250 0.0000
vt 0.3136 0.5574 0.0000
vt 0.3197 0.5833 0.0000
vt 0.3189 0.5489 0.0000
vt 0.3145 0.4651 0.0000
vt 0.3123 0.4945 0.0000
vt 0.3163 0.5000 0.0000
vt 0.3032 0.4386 0.0000
vt 0.3145 0.4583 0.0000
vt 0.3070 0.4226 0.0000
vt 0.2936 0.3843 0.0000
vt 0.3070 0.4167 0.0000
vt 0.2956 0.3798 0.0000
vt 0.2846 0.2953 0.0000
vt 0.2833 0.3286 0.0000
vt 0.2875 0.3333 0.0000
vt 0.2856 0.2537 0.0000
vt 0.2770 0.2792 0.0000
vt 0.2846 0.2917 0.0000
vt 0.7079 0.2039 0.0000
vt 0.7089 0.1785 0.0000
vt 0.6985 0.1667 0.0000
vt 0.7144 0.2463 0.0000
vt 0.7204 0.2286 0.0000
vt 0.7079 0.2083 0.0000
vt 0.7082 0.3803 0.0000
vt 0.7059 0.3750 0.0000
vt 0.6950 0.4109 0.0000
vt 0.6877 0.4518 0.0000
vt 0.6989 0.4334 0.0000
vt 0.6950 0.4167 0.0000
vt 0.6823 0.5762 0.0000
vt 0.6885 0.5505 0.0000
vt 0.6834 0.5417 0.0000
vt 0.6916 0.6057 0.0000
vt 0.6823 0.5833 0.0000
vt 0.6859 0.6183 0.0000
vt 0.6872 0.7434 0.0000
vt 0.6961 0.7170 0.0000
vt 0.6908 0.7083 0.0000
vt 0.6705 0.8667 0.0000
vt 0.6779 0.8333 0.0000
vt 0.6667 0.9079 0.0000
vt 0.6667 0.8970 0.0000
vt 0.6734 0.8817 0.0000
vt 0.6705 0.8750 0.0000
vt 0.6617 0.9995 0.0000
vt 0.6584 0.9583 0.0000
vt 0.6897 0.1187 0.0000
vt 0.6749 0.0833 0.0000
vt -0.0000 0.4167 0.0000
vt 0.6749 0.0755 0.0000
vt 0.6778 0.0636 0.0000
vt 0.6667 0.0443 0.0000
vt 0.6667 0.0049 0.0000
vt 0.6667 0.0329 0.0000
vt 0.6667 0.0119 0.0000
vt 0.6671 0.0055 0.0000
vt 0.6672 0.9384 0.0000
vt 0.6667 0.9360 0.0000
vt 0.6667 0.9496 0.0000
vt 0.6667 0.9393 0.0000
vt 0.3279 0.8832 0.0000
vt 0.3247 0.8902 0.0000
vt 0.3333 0.9108 0.0000
vt 0.3333 0.9522 0.0000
vt 0.3333 0.9254 0.0000
vt 0.3333 0.9358 0.0000
vt 0.3305 0.9473 0.0000
vt 0.3077 0.1315 0.0000
vt 0.2999 0.1667 0.0000
vt 0.3081 0.1311 0.0000
vt 0.1095 0.0000 0.0000
vt 0.3156 0.0000 0.0000
vt 0.3831 0.0000 0.0000
vt 1.0343 0.3298 0.0000
vt 1.0461 0.4958 0.0000
vt 1.0343 0.6555 0.0000
vt 1.0216 0.8257 0.0000
vt 0.3605 1.0000 0.0000
vt 0.7238 1.0000 0.0000
vt 0.9930 0.9928 0.0000
vt 0.9684 1.0000 0.0000
vt 0.9124 1.0000 0.0000
vt 0.8688 1.0000 0.0000
vt 0.8215 1.0000 0.0000
vt 0.7756 1.0000 0.0000
vt 1.0035 0.9714 0.0000
vt 0.3056 0.2718 1.0000
vt 0.2500 0.2729 1.0000
vt 0.0278 0.2744 1.0000
vt 0.9167 0.2747 1.0000
vt 0.2243 0.0286 0.0000
vt 0.2500 0.0140 0.0000
vt 0.1389 0.2745 1.0000
vt 0.6389 0.2728 1.0000
vt 0.3056 0.2395 1.0000
vt 0.4167 0.2439 1.0000
vt 0.4722 0.2428 1.0000
vt 0.5278 0.2422 1.0000
vt 0.5833 0.2413 1.0000
vt 0.6389 0.2385 1.0000
vt 0.6944 0.2379 1.0000
vt 0.7500 0.2373 1.0000
vt 0.8056 0.2363 1.0000
vt 0.8611 0.2365 1.0000
vt 0.9167 0.2365 1.0000
vt -0.0278 0.2370 1.0000
vt 0.0278 0.2369 1.0000
vt 0.0833 0.2363 1.0000
vt 0.1389 0.2368 1.0000
vt 0.1944 0.2373 1.0000
vt 1.0000 0.0097 0.0000
vt 0.0833 0.5090 0.0000
vt 0.9470 0.9997 0.0000
vt 0.9769 0.4167 0.0000
vt 0.0833 0.5894 0.0000
vt 0.9769 0.5833 0.0000
vt 0.8333 0.5098 0.0000
# 1854 texture coords

o Box034
g Box034
usemtl wire_085015009
s 1
f 51/48/21 52/49/22 53/50/23 54/51/24 
s 2
f 55/52/25 56/53/26 57/54/27 58/55/28 59/56/29 
f 60/57/30 61/58/31 62/59/32 63/60/33 64/61/34 
s 4
f 65/62/35 66/63/36 67/64/37 68/65/38 69/66/39 70/67/40 71/68/41 72/69/42 73/70/43 74/71/44 75/72/45 76/48/46 77/73/47 78/74/48 79/75/49 80/76/50 81/77/51 82/78/52 83/79/53 84/80/54 85/81/55 
s 1
f 86/82/56 87/82/57 88/83/58 89/83/59 
s 2
f 90/84/60 91/84/61 92/85/62 93/85/63 
s 16
f 94/86/64 95/62/65 96/62/66 97/87/67 
s 1
f 98/88/68 99/89/69 100/90/70 101/91/71 102/52/72 103/53/73 104/92/74 
s 8
f 105/93/75 106/94/76 107/95/77 108/96/78 109/97/79 
f 110/98/80 111/99/81 112/99/82 113/98/83 
s 1
f 114/100/84 115/55/85 116/55/86 117/100/87 
f 118/101/88 119/102/89 120/102/90 121/101/91 
s 4
f 122/103/92 123/104/93 124/104/94 125/103/95 
f 126/105/96 127/105/97 128/106/98 129/106/99 
f 130/107/100 127/105/97 126/105/96 131/107/101 
f 125/103/95 130/107/100 131/107/101 122/103/92 
f 132/108/102 133/109/103 134/109/104 135/108/105 
f 136/104/106 132/108/102 135/108/105 123/104/93 
s 1
f 54/110/24 137/111/107 138/112/108 51/112/21 
f 139/113/109 140/113/110 51/112/21 138/112/108 
f 139/113/109 114/100/84 117/100/87 140/113/110 
f 141/54/111 142/114/112 143/115/113 144/54/114 
f 144/54/114 115/55/85 145/55/115 141/54/111 
s 8
f 146/116/116 106/116/76 105/117/75 147/116/117 
f 148/118/118 107/118/77 106/116/76 146/116/116 
f 107/118/77 148/118/118 112/99/82 111/99/81 
f 149/106/119 129/106/99 150/119/120 151/119/121 
f 150/119/120 113/98/83 152/98/122 151/119/121 
f 153/120/123 154/121/124 155/122/78 110/123/80 
f 156/124/125 111/48/81 110/123/80 155/122/78 
f 111/48/81 156/124/125 108/96/78 107/95/77 
s 1
f 157/125/126 158/126/127 159/127/128 160/128/129 
f 161/129/130 162/109/131 134/109/104 163/129/132 
f 161/129/130 163/129/132 164/130/133 165/130/134 
f 121/101/91 165/130/134 164/130/133 118/101/88 
s 4
f 166/131/135 167/131/136 168/131/137 
s 1
f 166/131/135 168/131/137 119/102/89 169/102/138 
f 170/132/139 162/113/131 161/133/130 171/134/140 
f 161/133/130 165/135/134 172/136/141 171/134/140 
f 172/136/141 165/135/134 121/112/91 173/137/142 
f 120/138/90 174/139/141 173/137/142 121/112/91 
f 174/139/141 120/138/90 175/140/143 176/141/140 
f 177/142/144 176/141/140 175/140/143 178/143/145 
s 8
f 152/98/122 113/98/83 112/99/82 179/99/146 
s 1
f 114/100/84 180/100/147 145/55/115 115/55/85 
f 169/102/138 119/102/89 118/101/88 181/101/148 
s 4
f 123/104/93 122/103/92 182/103/149 136/104/106 
f 129/106/99 149/106/119 183/105/150 126/105/96 
f 184/107/151 131/107/101 126/105/96 183/105/150 
f 182/103/149 122/103/92 131/107/101 184/107/151 
f 135/108/105 134/109/104 162/109/131 185/108/152 
f 135/108/105 185/108/152 124/104/94 123/104/93 
s 1
f 186/112/153 138/112/108 137/111/107 187/144/154 
f 186/112/153 188/113/155 139/113/109 138/112/108 
f 180/100/147 114/100/84 139/113/109 188/113/155 
f 143/115/113 158/145/127 157/54/126 144/54/114 
f 144/54/114 157/54/126 116/55/86 115/55/85 
f 146/116/116 147/116/117 189/116/156 
s 8
f 190/118/157 148/118/118 146/116/116 189/116/156 
f 190/118/157 179/99/146 112/99/82 148/118/118 
f 128/106/98 153/119/123 150/119/120 129/106/99 
f 110/98/80 113/98/83 150/119/120 153/119/123 
s 1
f 191/129/158 163/129/132 134/109/104 133/109/103 
f 191/129/158 192/130/159 164/130/133 163/129/132 
f 164/130/133 192/130/159 181/101/148 118/101/88 
f 168/131/137 167/131/136 178/146/145 175/131/143 
f 119/102/89 168/131/137 175/131/143 120/102/90 
s 16
f 193/147/160 194/147/161 195/147/162 196/147/163 
f 197/62/164 198/148/165 66/149/36 65/62/35 
f 197/62/164 65/62/35 199/62/166 95/62/65 
s 8
f 200/150/167 201/72/168 105/93/75 109/97/79 
s 1
f 142/114/112 202/53/169 203/53/170 143/115/113 
s 8
f 203/53/170 147/116/117 105/117/75 201/53/168 
s 1
f 159/127/128 158/126/127 201/90/168 200/53/167 
f 158/145/127 143/115/113 203/53/170 201/53/168 
s 8
f 189/116/156 147/116/117 203/53/170 202/53/169 
s 1
f 53/50/23 204/150/171 205/72/172 54/51/24 
f 205/150/172 206/150/173 137/111/107 54/110/24 
f 167/131/136 166/131/135 207/150/174 206/150/173 
f 178/143/145 205/150/172 204/72/171 177/142/144 
f 187/144/154 137/111/107 206/150/173 207/150/174 
f 178/146/145 167/131/136 206/150/173 205/150/172 
s 2
f 100/72/70 208/90/175 209/91/176 101/151/71 
f 98/152/68 210/153/177 211/154/32 62/59/32 61/58/31 212/155/178 99/156/69 
f 100/150/70 99/156/69 212/155/178 208/53/175 
f 213/125/179 57/125/27 56/90/26 214/90/180 
f 57/125/27 213/125/179 215/157/181 58/157/28 
f 92/85/62 58/157/28 215/157/181 93/85/63 
f 76/48/46 75/72/45 216/72/182 217/48/183 
f 76/48/46 217/48/183 90/84/60 77/84/47 
s 8
f 218/158/184 219/62/185 199/62/166 220/158/186 
f 221/159/187 218/158/184 220/158/186 222/159/188 
f 223/160/189 221/161/187 222/159/188 224/162/190 225/163/191 
f 82/164/52 81/90/51 214/90/180 226/164/192 
f 82/164/52 226/164/192 224/162/190 83/162/53 
f 55/165/25 209/166/176 208/167/175 212/168/178 61/169/31 227/170/193 56/90/26 
f 61/169/31 60/171/30 225/172/191 227/170/193 
f 60/171/30 228/173/194 223/125/189 225/172/191 
f 223/125/189 228/173/194 229/174/195 221/175/187 
f 229/174/195 230/176/196 218/177/184 221/175/187 
f 154/178/124 153/179/123 128/84/98 219/157/185 218/180/184 230/181/196 231/182/197 232/183/198 
s 1
f 216/72/182 233/184/199 104/184/74 103/72/73 
f 234/185/200 235/185/201 104/184/74 233/184/199 
f 86/82/56 235/185/201 234/185/200 87/82/57 
f 236/186/202 70/186/40 69/147/39 194/147/161 
f 70/186/40 236/186/202 88/83/58 71/83/41 
f 104/92/74 235/187/201 237/188/203 98/88/68 
f 237/188/203 235/187/201 86/54/56 238/189/204 
f 89/190/59 239/191/205 238/189/204 86/54/56 
f 240/192/206 241/193/207 239/191/205 89/190/59 
f 72/82/42 71/83/41 88/83/58 87/82/57 
s 2
f 77/84/47 90/84/60 93/85/63 78/85/48 
s 16
f 95/62/65 94/86/64 198/148/165 197/62/164 
f 194/147/161 69/147/39 242/147/208 195/147/162 
f 96/62/66 95/62/65 199/62/166 219/62/185 
s 2
f 81/90/51 80/125/50 213/125/179 214/90/180 
f 213/125/179 80/125/50 79/157/49 215/157/181 
f 93/85/63 215/157/181 79/157/49 78/85/48 
f 216/72/182 103/72/73 243/48/209 217/48/183 
f 90/84/60 217/48/183 243/48/209 91/84/61 
s 8
f 220/158/186 199/62/166 65/62/35 85/158/55 
f 220/158/186 85/158/55 84/159/54 222/159/188 
f 222/159/188 84/159/54 83/194/53 224/162/190 
f 226/164/192 214/90/180 56/90/26 227/164/193 
f 224/162/190 226/164/192 227/164/193 225/162/191 
s 1
f 216/72/182 75/72/45 74/184/44 233/184/199 
f 234/185/200 233/184/199 74/184/44 73/185/43 
f 87/82/57 234/185/200 73/185/43 72/82/42 
f 194/147/161 193/147/160 240/186/206 236/186/202 
f 88/83/58 236/186/202 240/186/206 89/83/59 
s 2
f 103/150/73 102/195/72 244/196/210 243/112/209 
f 243/112/209 244/196/210 245/197/29 91/113/61 
f 245/197/29 246/198/211 92/100/62 91/113/61 
f 247/199/212 248/200/213 211/154/32 210/153/177 
f 58/55/28 92/100/62 246/198/211 59/56/29 
f 62/59/32 211/154/32 248/200/213 63/60/33 
f 249/201/214 250/202/212 247/199/212 251/203/215 
f 250/202/212 252/204/213 248/200/213 247/199/212 
f 248/200/213 252/204/213 253/205/33 63/60/33 
f 254/206/216 64/61/34 63/60/33 253/205/33 
f 255/207/217 250/202/212 249/201/214 238/208/204 239/209/205 256/210/218 
f 257/211/219 252/204/213 250/202/212 255/207/217 
f 257/211/219 258/212/220 253/205/33 252/204/213 
f 253/205/33 258/212/220 259/213/221 254/206/216 
f 254/206/216 259/213/221 229/214/195 228/215/194 
f 260/216/217 255/207/217 256/210/218 261/217/222 
f 260/216/217 262/218/219 257/211/219 255/207/217 
f 263/219/220 258/212/220 257/211/219 262/218/219 
f 264/220/221 259/213/221 258/212/220 263/219/220 
f 264/220/221 230/221/196 229/214/195 259/213/221 
f 265/222/217 266/223/219 262/218/219 260/216/217 
f 267/224/220 263/219/220 262/218/219 266/223/219 
f 267/224/220 268/225/221 264/220/221 263/219/220 
f 269/226/223 270/227/224 271/228/224 265/222/217 
f 271/228/224 272/229/225 266/223/219 265/222/217 
f 273/230/226 267/224/220 266/223/219 272/229/225 
f 273/230/226 274/231/227 268/225/221 267/224/220 
s 16
f 97/87/67 96/62/66 219/62/185 275/232/228 
f 276/233/229 97/87/67 275/232/228 277/234/230 
f 278/235/231 94/86/64 97/87/67 276/233/229 
f 198/148/165 94/86/64 278/235/231 279/236/232 
f 66/149/36 198/148/165 279/236/232 67/237/37 
f 276/233/229 277/234/230 280/238/228 281/239/233 
f 282/240/234 278/235/231 276/233/229 281/239/233 
f 282/240/234 283/241/235 279/236/232 278/235/231 
f 67/237/37 279/236/232 283/241/235 68/242/38 
f 281/239/233 280/238/228 193/243/160 196/147/163 
f 196/147/163 195/147/162 282/240/234 281/239/233 
f 195/147/162 242/147/208 283/241/235 282/240/234 
f 69/147/39 68/242/38 283/241/235 242/147/208 
s 1
f 284/244/236 285/245/237 286/246/238 287/247/239 288/248/240 289/249/241 
f 290/250/242 117/85/87 116/157/86 291/251/243 292/252/244 293/253/245 
f 294/254/246 140/84/110 117/85/87 290/250/242 295/255/247 296/256/248 
s 2
f 297/257/249 298/258/250 299/258/251 300/257/252 
f 301/259/253 297/257/249 300/257/252 302/259/254 
f 302/259/254 303/260/255 304/260/256 301/259/253 
s 1
f 305/261/257 306/262/258 307/263/259 308/264/260 
s 2
f 309/265/261 292/265/244 291/266/243 310/267/262 311/267/263 
f 312/268/264 293/268/245 292/265/244 309/265/261 
s 4
f 313/258/265 314/269/266 315/270/267 316/258/268 
f 317/257/269 313/271/265 316/258/268 318/257/270 
f 319/259/271 317/272/269 318/257/270 320/259/272 
f 319/273/271 320/259/272 321/260/273 322/260/274 
f 323/274/275 322/275/274 321/260/273 324/274/276 
f 324/274/276 325/276/277 326/276/278 323/277/275 
f 327/278/279 328/278/280 326/279/278 325/276/277 
f 328/280/280 327/278/279 329/281/281 330/281/282 
f 330/282/282 329/281/281 331/283/283 332/283/284 
f 333/261/285 334/261/286 332/284/284 331/283/283 
f 335/262/287 336/262/288 334/285/286 333/261/285 
f 337/286/289 338/286/290 336/287/288 335/262/287 
f 337/286/289 339/267/291 340/267/292 338/288/290 
f 339/267/291 341/265/293 342/265/294 340/289/292 
f 343/268/295 342/290/294 341/265/293 344/268/296 
f 343/291/295 344/268/296 345/292/297 346/292/298 
f 346/293/298 345/292/297 347/294/299 348/294/300 
s 2
f 349/294/301 347/294/299 345/295/297 350/292/302 
f 351/270/303 315/270/267 347/296/299 349/294/301 
s 8
f 352/270/304 351/270/303 349/297/301 353/294/305 
f 352/270/304 354/258/306 355/258/307 351/298/303 
f 354/258/306 356/257/308 357/257/309 355/299/307 
f 356/257/308 358/259/310 359/259/311 357/300/309 
f 358/259/310 360/260/312 361/260/313 359/301/311 
f 361/302/313 360/260/312 362/274/314 363/274/315 
f 363/303/315 362/274/314 364/276/316 365/276/317 
f 366/278/318 365/304/317 364/276/316 367/278/319 
f 367/278/319 368/281/320 369/281/321 366/305/318 
f 369/306/321 368/281/320 370/283/322 371/283/323 
f 371/307/323 370/283/322 372/261/324 373/261/325 
f 373/308/325 372/261/324 374/262/326 375/262/327 
f 376/286/328 375/309/327 374/262/326 377/286/329 
f 378/267/330 379/267/331 376/310/328 377/286/329 
f 380/265/332 379/311/331 378/267/330 381/265/333 
f 380/312/332 381/265/333 382/268/334 383/268/335 
f 383/313/335 382/268/334 384/292/336 350/292/302 
f 384/292/336 382/314/334 385/268/337 386/292/338 
f 386/292/338 387/294/339 353/294/305 384/315/336 
f 386/292/338 388/292/340 389/294/341 387/316/339 
f 390/268/342 388/292/340 386/317/338 385/268/337 
s off
f 391/318/343 392/318/344 393/319/345 394/320/346 
f 395/321/347 394/320/346 393/320/345 396/322/348 
s 1
f 396/323/348 393/324/345 392/318/344 397/325/349 398/326/350 399/327/351 400/328/352 401/329/353 402/330/354 403/331/355 404/332/356 405/333/357 406/334/358 407/335/359 408/336/360 409/337/361 410/338/362 411/339/363 
s off
f 392/340/344 391/318/343 412/341/364 397/341/349 
f 398/342/350 397/343/349 412/341/364 413/342/365 
f 413/342/365 414/344/366 399/344/351 398/345/350 
f 414/344/366 415/346/367 400/346/352 399/347/351 
f 400/348/352 415/346/367 416/349/368 401/349/353 
f 402/350/354 401/351/353 416/349/368 417/350/369 
f 417/350/369 418/352/370 403/352/355 402/353/354 
f 404/332/356 403/354/355 418/352/370 419/332/371 
f 404/355/356 419/332/371 420/356/372 405/356/357 
f 405/357/357 420/356/372 421/358/373 406/358/358 
f 421/358/373 422/359/374 407/359/359 406/360/358 
f 422/359/374 423/361/375 408/361/360 407/362/359 
f 423/361/375 424/363/376 409/363/361 408/364/360 
f 424/363/376 425/338/377 410/338/362 409/365/361 
f 410/366/362 425/338/377 426/367/378 411/367/363 
f 395/321/347 396/321/348 411/368/363 426/367/378 
s 8
f 427/265/379 428/265/380 390/268/342 385/369/337 
f 378/370/330 429/267/381 427/265/379 381/265/333 
f 427/371/379 429/267/381 430/267/382 428/265/380 
f 378/267/330 377/372/329 431/286/383 429/267/381 
f 431/286/383 432/286/384 430/267/382 429/373/381 
f 377/286/329 374/374/326 433/262/385 431/286/383 
f 434/262/386 432/286/384 431/375/383 433/262/385 
f 433/262/385 374/262/326 372/376/324 435/261/387 
f 433/377/385 435/261/387 436/261/388 434/262/386 
f 372/261/324 370/378/322 437/283/389 435/261/387 
f 437/283/389 438/283/390 436/261/388 435/379/387 
f 368/380/320 439/281/391 437/283/389 370/283/322 
f 438/283/390 437/381/389 439/281/391 440/281/392 
f 441/278/393 439/281/391 368/281/320 367/382/319 
f 440/281/392 439/383/391 441/278/393 442/278/394 
f 367/278/319 364/384/316 443/276/395 441/278/393 
f 444/276/396 442/278/394 441/385/393 443/276/395 
f 445/274/397 443/276/395 364/276/316 362/386/314 
f 443/387/395 445/274/397 446/274/398 444/276/396 
f 445/274/397 362/274/314 360/388/312 447/260/399 
f 446/274/398 445/389/397 447/260/399 448/260/400 
f 358/390/310 449/259/401 447/260/399 360/260/312 
f 450/259/402 448/260/400 447/391/399 449/259/401 
f 451/257/403 449/259/401 358/259/310 356/392/308 
f 449/393/401 451/257/403 452/257/404 450/259/402 
f 354/394/306 453/258/405 451/257/403 356/257/308 
f 451/395/403 453/258/405 454/258/406 452/257/404 
f 453/258/405 354/258/306 352/396/304 455/270/407 
f 456/270/408 454/258/406 453/397/405 455/270/407 
f 353/398/305 387/294/339 455/270/407 352/270/304 
f 456/270/408 455/399/407 387/294/339 389/294/341 
f 382/268/334 381/400/333 427/265/379 385/268/337 
s 2
f 341/401/293 380/265/332 383/268/335 344/268/296 
f 339/402/291 379/267/331 380/265/332 341/265/293 
f 379/267/331 339/267/291 337/403/289 376/286/328 
f 335/404/287 375/262/327 376/286/328 337/286/289 
f 333/405/285 373/261/325 375/262/327 335/262/287 
f 331/406/283 371/283/323 373/261/325 333/261/285 
f 329/407/281 369/281/321 371/283/323 331/283/283 
f 329/281/281 327/408/279 366/278/318 369/281/321 
f 325/409/277 365/276/317 366/278/318 327/278/279 
f 324/410/276 363/274/315 365/276/317 325/276/277 
f 321/411/273 361/260/313 363/274/315 324/274/276 
f 361/260/313 321/260/273 320/412/272 359/259/311 
f 320/259/272 318/413/270 357/257/309 359/259/311 
f 318/257/270 316/414/268 355/258/307 357/257/309 
f 316/258/268 315/415/267 351/270/303 355/258/307 
s 8
f 350/416/302 384/292/336 353/294/305 349/294/301 
s 2
f 350/292/302 345/292/297 344/417/296 383/268/335 
s 4
f 347/294/299 315/270/267 314/270/266 348/418/300 
s 2
f 457/270/409 299/258/251 298/258/250 458/270/410 
f 459/419/411 460/420/412 461/332/413 462/332/414 463/421/415 
f 464/358/416 465/358/417 459/422/411 463/356/415 
f 466/423/418 465/358/417 464/358/416 467/424/419 
f 468/361/420 469/361/421 470/425/422 466/426/418 467/427/419 
f 471/363/423 469/428/421 468/361/420 472/363/424 
f 473/338/425 471/429/423 472/363/424 474/338/426 
f 475/367/427 473/430/425 474/338/426 476/367/428 
f 476/367/428 477/321/429 478/321/430 479/431/431 475/432/427 
f 480/320/432 478/433/430 477/321/429 481/320/433 
f 480/320/432 481/320/433 482/434/434 483/435/435 
f 484/341/436 485/341/437 486/436/438 487/437/439 
f 488/438/440 489/439/441 487/342/439 486/342/438 
f 490/346/442 491/349/443 492/349/444 493/440/445 
f 492/441/444 491/349/443 494/350/446 495/350/447 
s 8
f 496/332/448 497/352/449 498/274/450 499/260/451 
f 500/259/452 501/356/453 496/332/448 499/260/451 
f 502/258/454 503/442/455 504/443/456 505/444/457 
f 506/445/458 507/446/459 508/447/460 509/448/461 
f 507/446/459 510/449/462 511/450/463 508/447/460 
f 512/451/464 513/452/465 514/453/466 515/454/467 
f 515/454/467 516/455/468 517/456/469 512/451/464 
f 516/455/468 518/457/470 519/458/471 517/456/469 
f 518/457/470 520/459/472 521/460/473 519/458/471 
f 522/461/474 523/462/475 524/463/476 525/464/477 
f 526/465/478 527/466/479 514/453/466 513/467/465 
f 528/468/480 527/466/479 526/469/478 529/470/481 
f 528/468/480 529/471/481 511/450/463 510/449/462 
f 506/445/458 509/448/461 504/443/456 503/442/455 
f 530/358/482 531/257/483 502/258/454 505/472/457 
f 530/358/482 501/356/453 500/259/452 531/257/483 
f 521/473/473 520/459/472 522/461/474 525/474/477 
f 497/352/449 524/475/476 523/276/475 498/274/450 
s 2
f 532/476/484 533/352/485 462/332/414 461/332/413 
s 8
f 534/477/486 535/478/487 536/479/488 537/480/489 
f 534/477/486 537/480/489 538/481/490 539/482/491 
f 540/483/492 539/482/491 538/481/490 541/484/493 542/485/494 
s 1
f 542/338/494 543/367/495 544/486/496 540/487/492 
s 8
f 545/488/497 544/489/496 543/490/495 546/491/498 547/492/499 
f 547/492/499 548/493/500 549/494/501 545/488/497 
f 550/495/502 549/494/501 548/493/500 551/496/503 
f 550/495/502 551/496/503 552/497/504 553/498/505 554/499/506 
f 552/497/504 555/500/507 556/501/508 557/502/509 553/498/505 
f 558/503/510 559/504/511 556/501/508 555/500/507 
f 560/505/512 559/504/511 558/503/510 561/506/513 562/460/514 
f 563/507/515 564/508/516 565/352/517 566/509/518 567/510/519 
f 568/511/520 563/507/515 567/510/519 569/512/521 
f 570/513/522 571/514/523 572/515/524 568/511/520 569/512/521 
f 569/512/521 573/516/525 574/517/526 570/513/522 
f 573/516/525 575/518/527 576/519/528 574/517/526 
f 577/520/529 574/517/526 576/519/528 578/521/530 
f 577/520/529 578/521/530 579/522/531 580/523/532 
f 580/523/532 579/522/531 581/524/533 582/525/534 
f 581/524/533 583/526/535 584/527/536 582/525/534 
f 585/528/537 586/529/538 587/530/539 588/531/540 
f 585/528/537 589/532/541 590/533/542 586/529/538 
f 591/534/543 590/533/542 589/532/541 592/535/544 
f 592/535/544 593/536/545 594/537/546 591/534/543 
f 595/538/547 594/537/546 593/536/545 596/539/548 
f 595/538/547 596/539/548 597/540/549 598/541/550 
f 598/541/550 597/540/549 599/542/551 600/543/552 
f 601/544/553 600/543/552 599/542/551 602/545/554 
f 603/546/555 604/547/556 605/548/557 606/549/558 
f 607/550/559 606/549/558 605/548/557 608/551/560 
f 607/550/559 608/551/560 575/518/527 573/516/525 
f 605/548/557 609/552/561 610/553/562 608/551/560 
f 611/554/563 575/518/527 608/551/560 610/553/562 
f 612/555/564 611/554/563 610/553/562 613/556/565 
f 614/557/566 611/554/563 612/555/564 615/558/567 
f 616/559/568 614/557/566 615/558/567 617/560/569 
f 617/560/569 618/561/570 619/562/571 616/559/568 
f 620/563/572 619/562/571 618/561/570 621/564/573 
f 621/564/573 622/565/574 623/566/575 620/563/572 
f 624/567/576 625/568/577 623/566/575 622/565/574 
f 624/567/576 626/569/578 627/570/579 625/568/577 
f 628/571/580 627/570/579 626/569/578 629/572/581 
f 630/573/582 628/571/580 629/572/581 631/574/583 
f 630/573/582 631/574/583 632/575/584 633/576/585 
f 632/575/584 634/577/586 635/578/587 633/576/585 
f 636/579/588 635/578/587 634/577/586 637/580/589 
f 638/581/590 636/579/588 637/580/589 639/582/591 
f 638/581/590 639/582/591 640/583/592 641/584/593 
f 640/583/592 642/585/594 643/586/595 641/584/593 
f 644/587/596 609/552/561 643/588/595 642/589/594 
f 642/589/594 645/590/597 646/591/598 644/587/596 
f 644/587/596 646/591/598 647/592/599 613/556/565 
f 648/593/600 649/594/601 647/592/599 646/591/598 
f 647/592/599 649/594/601 650/595/602 651/596/603 
f 650/595/602 652/597/604 653/598/605 651/596/603 
f 654/599/606 653/598/605 652/597/604 655/600/607 
f 617/560/569 615/558/567 653/598/605 654/599/606 
f 656/601/608 654/599/606 655/600/607 657/602/609 
f 617/560/569 654/599/606 656/601/608 618/561/570 
f 657/602/609 658/603/610 659/604/611 656/601/608 
f 621/564/573 618/561/570 656/601/608 659/604/611 
f 658/603/610 660/605/612 661/606/613 659/604/611 
f 622/565/574 621/564/573 659/604/611 661/606/613 
f 660/605/612 662/607/614 663/608/615 661/606/613 
f 663/608/615 624/567/576 622/565/574 661/606/613 
f 663/608/615 662/607/614 664/609/616 665/610/617 
f 663/608/615 665/610/617 626/569/578 624/567/576 
f 664/609/616 666/611/618 667/612/619 665/610/617 
f 667/612/619 629/572/581 626/569/578 665/610/617 
f 667/612/619 666/611/618 668/613/620 669/614/621 
f 667/612/619 669/614/621 631/574/583 629/572/581 
f 669/614/621 668/613/620 670/615/622 671/616/623 
f 631/574/583 669/614/621 671/616/623 632/575/584 
f 671/616/623 670/615/622 672/617/624 673/618/625 
f 674/619/626 673/618/625 672/617/624 675/620/627 
f 675/620/627 676/621/628 677/622/629 674/619/626 
f 676/621/628 678/623/630 679/624/631 677/622/629 
f 680/625/632 645/626/597 679/624/631 678/623/630 
f 680/625/632 678/623/630 681/627/633 682/628/634 
f 683/629/635 684/630/636 682/628/634 681/627/633 
f 684/631/636 685/632/637 686/633/638 682/634/634 
f 686/633/638 685/632/637 687/635/639 688/636/640 
f 687/635/639 689/637/641 690/638/642 688/636/640 
f 689/637/641 691/639/643 692/640/644 690/638/642 
f 691/639/643 693/641/645 694/642/646 692/640/644 
f 694/642/646 693/641/645 695/643/647 696/644/648 
f 697/645/649 696/644/648 695/643/647 698/646/650 
f 699/647/651 697/645/649 698/646/650 700/648/652 
f 700/648/652 701/649/653 702/650/654 699/647/651 
f 703/651/655 704/652/656 702/650/654 701/649/653 
f 705/653/657 704/652/656 703/651/655 706/654/658 
f 706/654/658 707/655/659 708/656/660 705/653/657 
f 707/655/659 709/657/661 710/658/662 708/656/660 
f 709/657/661 711/659/663 712/660/664 710/658/662 
f 713/661/665 712/660/664 711/659/663 714/662/666 
f 714/662/666 715/663/667 716/664/668 713/661/665 
f 715/663/667 683/629/635 681/627/633 716/664/668 
f 681/627/633 678/623/630 676/621/628 716/664/668 
f 717/665/669 718/666/670 715/663/667 714/662/666 
f 683/629/635 715/663/667 718/666/670 719/667/671 
f 720/668/672 721/669/673 719/667/671 718/666/670 
f 721/669/673 722/670/674 723/671/675 719/667/671 
f 724/672/676 723/673/675 722/674/674 725/675/677 
f 725/675/677 726/676/678 727/677/679 724/672/676 
f 726/676/678 728/678/680 729/679/681 727/677/679 
f 728/678/680 730/680/682 731/681/683 729/679/681 
f 731/681/683 730/680/682 732/682/684 733/683/685 
f 732/682/684 734/684/686 735/685/687 733/683/685 
f 693/641/645 733/683/685 735/685/687 695/643/647 
f 736/686/688 737/687/689 735/685/687 734/684/686 
f 735/685/687 737/687/689 698/646/650 695/643/647 
f 738/688/690 739/689/691 737/687/689 736/686/688 
f 698/646/650 737/687/689 739/689/691 700/648/652 
f 738/688/690 740/690/692 741/691/693 739/689/691 
f 700/648/652 739/689/691 741/691/693 701/649/653 
f 741/691/693 740/690/692 742/692/694 743/693/695 
f 743/693/695 703/651/655 701/649/653 741/691/693 
f 744/694/696 743/693/695 742/692/694 745/695/697 
f 743/693/695 744/694/696 706/654/658 703/651/655 
f 744/694/696 745/695/697 746/696/698 747/697/699 
f 706/654/658 744/694/696 747/697/699 707/655/659 
f 748/698/700 749/699/701 747/697/699 746/696/698 
f 748/698/700 750/700/702 751/701/703 749/699/701 
f 750/700/702 752/702/704 717/665/669 751/701/703 
f 752/702/704 750/700/702 753/703/705 754/704/706 
f 754/704/706 755/705/707 720/668/672 752/702/704 
f 756/706/708 757/707/709 755/705/707 754/704/706 
f 758/708/710 755/705/707 757/707/709 759/709/711 
f 759/709/711 760/710/712 761/711/713 758/708/710 
f 760/712/712 762/713/714 763/714/715 761/715/713 
f 762/713/714 764/716/716 765/717/717 763/714/715 
f 766/718/718 765/717/717 764/716/716 767/719/719 
f 768/720/720 769/721/721 766/718/718 767/719/719 
f 768/720/720 770/722/722 771/723/723 769/721/721 
f 771/723/723 770/722/722 772/724/724 773/725/725 
f 774/726/726 775/727/727 773/725/725 772/724/724 
f 775/727/727 736/686/688 734/684/686 773/725/725 
f 776/728/728 777/729/729 775/727/727 774/726/726 
f 738/688/690 736/686/688 775/727/727 777/729/729 
f 776/728/728 778/730/730 779/731/731 777/729/729 
f 779/731/731 740/690/692 738/688/690 777/729/729 
f 778/730/730 780/732/732 781/733/733 779/731/731 
f 740/690/692 779/731/731 781/733/733 742/692/694 
f 782/734/734 781/733/733 780/732/732 783/735/735 
f 781/733/733 782/734/734 745/695/697 742/692/694 
f 784/736/736 785/737/737 782/734/734 783/735/735 
f 745/695/697 782/734/734 785/737/737 746/696/698 
f 786/738/738 787/739/739 785/737/737 784/736/736 
f 788/740/740 753/703/705 787/739/739 786/738/738 
f 789/455/741 788/740/740 786/738/738 790/454/742 
f 791/262/743 792/741/744 789/741/741 790/262/742 
f 793/283/745 789/741/741 792/741/744 794/283/746 
f 793/283/745 794/283/746 795/281/747 796/281/748 
f 795/281/747 797/278/749 798/278/750 796/281/748 
f 799/274/751 800/276/752 801/276/753 802/274/754 
f 799/274/751 802/274/754 803/260/755 804/260/756 
f 805/259/757 804/260/756 803/260/755 806/259/758 
f 807/257/759 805/259/757 806/259/758 808/257/760 
f 809/258/761 807/257/759 808/257/760 810/258/762 
f 811/270/763 812/270/764 809/258/761 810/258/762 
f 812/270/764 811/270/763 813/294/765 814/294/766 
f 815/292/767 814/294/766 813/294/765 816/292/768 
f 817/267/769 818/267/770 819/265/771 820/265/772 
f 818/267/770 817/267/769 821/286/773 822/286/774 
f 791/262/743 790/262/742 822/286/774 821/286/773 
f 790/454/742 786/738/738 784/736/736 822/453/774 
f 823/265/775 824/742/776 825/268/777 826/265/778 
f 827/267/779 828/267/780 823/743/775 826/265/778 
f 829/270/781 830/270/782 831/744/783 832/258/784 
f 833/257/785 832/258/784 831/258/783 834/745/786 
f 835/259/787 836/746/788 837/260/789 838/259/790 
f 838/259/790 833/257/785 834/257/786 835/747/787 
f 839/294/791 830/748/782 829/270/781 840/294/792 
f 840/294/792 841/292/793 842/292/794 839/749/791 
f 843/278/795 844/750/796 845/281/797 846/278/798 
f 843/751/795 846/278/798 847/276/799 848/276/800 
f 848/752/800 847/276/799 849/274/801 850/274/802 
f 849/274/801 837/260/789 836/260/788 850/753/802 
s 1
f 837/260/789 849/274/801 847/276/799 846/278/798 845/281/797 851/754/803 852/755/804 853/756/805 854/757/806 827/758/779 826/759/778 825/760/777 841/292/793 840/761/792 829/762/781 832/763/784 833/764/785 838/765/790 
s 8
f 853/262/805 855/262/807 856/766/808 854/286/806 
f 852/741/804 857/741/809 855/767/807 853/262/805 
f 851/283/803 858/283/810 857/741/809 852/741/804 
f 844/281/796 858/768/810 851/283/803 845/281/797 
f 854/286/806 856/286/808 828/769/780 827/267/779 
f 825/268/777 824/268/776 842/770/794 841/292/793 
f 818/466/770 822/453/774 784/736/736 783/735/735 
f 818/466/770 783/735/735 780/732/732 819/468/771 
f 859/449/811 819/468/771 780/732/732 778/730/730 
f 815/446/767 859/449/811 778/730/730 776/728/728 
f 815/446/767 776/728/728 774/726/726 814/445/766 
f 814/445/766 774/726/726 772/724/724 812/442/764 
f 772/724/724 770/722/722 809/258/761 812/442/764 
f 809/258/761 770/722/722 768/720/720 807/257/759 
f 805/259/757 807/257/759 768/720/720 767/719/719 
f 805/259/757 767/719/719 764/716/716 804/260/756 
f 762/713/714 799/274/751 804/260/756 764/716/716 
f 762/713/714 760/712/712 800/276/752 799/274/751 
f 759/709/711 798/461/750 800/462/752 760/710/712 
f 796/459/748 798/461/750 759/709/711 757/707/709 
f 793/457/745 796/459/748 757/707/709 756/706/708 
f 793/457/745 756/706/708 788/740/740 789/455/741 
f 748/698/700 746/696/698 785/737/737 787/739/739 
f 773/725/725 734/684/686 732/682/684 771/723/723 
f 771/723/723 732/682/684 730/680/682 769/721/721 
f 730/680/682 728/678/680 766/718/718 769/721/721 
f 765/717/717 766/718/718 728/678/680 726/676/678 
f 725/675/677 763/714/715 765/717/717 726/676/678 
f 725/675/677 722/674/674 761/715/713 763/714/715 
f 758/708/710 761/711/713 722/670/674 721/669/673 
f 758/708/710 721/669/673 720/668/672 755/705/707 
f 753/703/705 788/740/740 756/706/708 754/704/706 
f 787/739/739 753/703/705 750/700/702 748/698/700 
f 751/701/703 711/659/663 709/657/661 749/699/701 
f 709/657/661 707/655/659 747/697/699 749/699/701 
f 731/681/683 733/683/685 693/641/645 691/639/643 
f 691/639/643 689/637/641 729/679/681 731/681/683 
f 727/677/679 729/679/681 689/637/641 687/635/639 
f 685/632/637 724/672/676 727/677/679 687/635/639 
f 685/632/637 684/631/636 723/673/675 724/672/676 
f 723/671/675 684/630/636 683/629/635 719/667/671 
f 752/702/704 720/668/672 718/666/670 717/665/669 
f 714/662/666 711/659/663 751/701/703 717/665/669 
f 675/620/627 713/661/665 716/664/668 676/621/628 
f 672/617/624 712/660/664 713/661/665 675/620/627 
f 710/658/662 712/660/664 672/617/624 670/615/622 
f 708/656/660 710/658/662 670/615/622 668/613/620 
f 708/656/660 668/613/620 666/611/618 705/653/657 
f 664/609/616 704/652/656 705/653/657 666/611/618 
f 664/609/616 662/607/614 702/650/654 704/652/656 
f 660/605/612 699/647/651 702/650/654 662/607/614 
f 660/605/612 658/603/610 697/645/649 699/647/651 
f 697/645/649 658/603/610 657/602/609 696/644/648 
f 655/600/607 694/642/646 696/644/648 657/602/609 
f 694/642/646 655/600/607 652/597/604 692/640/644 
f 650/595/602 690/638/642 692/640/644 652/597/604 
f 649/594/601 688/636/640 690/638/642 650/595/602 
f 648/593/600 686/633/638 688/636/640 649/594/601 
f 686/633/638 648/593/600 680/771/632 682/634/634 
f 677/622/629 679/624/631 640/583/592 639/582/591 
f 637/580/589 674/619/626 677/622/629 639/582/591 
f 674/619/626 637/580/589 634/577/586 673/618/625 
f 634/577/586 632/575/584 671/616/623 673/618/625 
f 651/596/603 653/598/605 615/558/567 612/555/564 
f 613/556/565 647/592/599 651/596/603 612/555/564 
f 645/590/597 680/771/632 648/593/600 646/591/598 
f 642/585/594 640/583/592 679/624/631 645/626/597 
f 638/581/590 641/584/593 602/545/554 599/542/551 
f 638/581/590 599/542/551 597/540/549 636/579/588 
f 596/539/548 635/578/587 636/579/588 597/540/549 
f 633/576/585 635/578/587 596/539/548 593/536/545 
f 630/573/582 633/576/585 593/536/545 592/535/544 
f 628/571/580 630/573/582 592/535/544 589/532/541 
f 589/532/541 585/528/537 627/570/579 628/571/580 
f 627/570/579 585/528/537 588/531/540 625/568/577 
f 581/524/533 620/563/572 623/566/575 583/526/535 
f 581/524/533 579/522/531 619/562/571 620/563/572 
f 619/562/571 579/522/531 578/521/530 616/559/568 
f 616/559/568 578/521/530 576/519/528 614/557/566 
f 611/554/563 614/557/566 576/519/528 575/518/527 
f 613/556/565 610/553/562 609/552/561 644/587/596 
f 604/547/556 643/588/595 609/552/561 605/548/557 
f 606/549/558 607/550/559 567/510/519 566/509/518 
f 606/549/558 566/509/518 860/772/812 603/546/555 
f 861/464/813 862/773/814 860/774/812 863/463/815 
f 861/464/813 562/460/514 561/506/513 862/773/814 
f 600/543/552 601/544/553 862/773/814 561/506/513 
f 600/543/552 561/506/513 558/503/510 598/541/550 
f 595/538/547 598/541/550 558/503/510 555/500/507 
f 552/497/504 594/537/546 595/538/547 555/500/507 
f 594/537/546 552/497/504 551/496/503 591/534/543 
f 591/534/543 551/496/503 548/493/500 590/533/542 
f 547/492/499 586/529/538 590/533/542 548/493/500 
f 587/530/539 586/529/538 547/492/499 546/491/498 
f 582/525/534 584/527/536 541/484/493 538/481/490 
f 537/480/489 580/523/532 582/525/534 538/481/490 
f 580/523/532 537/480/489 536/479/488 577/520/529 
f 577/520/529 536/479/488 570/513/522 574/517/526 
f 567/510/519 607/550/559 573/516/525 569/512/521 
f 566/509/518 565/352/517 863/350/815 860/772/812 
s 1
f 863/350/815 565/352/517 564/508/516 560/775/512 562/346/514 861/349/813 
s 8
f 546/491/498 543/490/495 542/485/494 541/484/493 
f 570/513/522 536/479/488 535/478/487 864/776/816 571/514/523 
s 1
f 865/777/817 866/778/818 867/779/819 
f 868/780/820 867/779/819 866/778/818 
f 869/781/821 870/782/822 871/783/823 
f 872/784/824 871/785/823 870/782/822 
f 873/786/825 874/787/826 875/788/827 876/789/828 
f 877/790/829 876/791/828 875/788/827 
f 878/792/830 879/793/831 880/794/832 
f 881/795/833 880/796/832 879/793/831 
f 882/797/834 883/798/835 884/799/836 885/800/837 
f 886/801/838 887/802/839 888/803/840 
f 889/804/841 890/805/842 891/806/843 
f 892/807/844 891/808/843 890/809/842 
f 893/810/845 894/811/846 895/812/847 
f 896/813/848 895/814/847 894/811/846 
f 897/815/849 898/816/850 899/817/851 900/818/852 901/819/853 
f 899/820/851 898/821/850 902/822/854 
f 903/823/855 902/824/854 898/821/850 
f 904/825/856 905/826/857 906/827/858 
f 907/828/859 908/829/860 909/830/861 910/831/862 911/832/863 
f 908/829/860 912/833/864 913/834/865 909/835/861 
f 914/836/866 915/837/867 916/838/868 
f 917/839/869 916/840/868 915/837/867 
f 918/841/870 919/842/871 920/843/872 
f 921/844/873 920/845/872 919/842/871 922/846/874 923/847/875 
f 923/848/875 922/846/874 924/849/876 925/850/877 
f 926/851/878 927/852/879 928/853/880 
f 924/849/876 929/854/881 930/855/882 931/856/883 
f 932/857/884 930/858/882 929/854/881 933/859/885 
f 933/859/885 934/860/886 935/861/887 932/862/884 
f 936/85/888 935/863/887 934/860/886 937/864/889 
f 936/100/888 937/865/889 938/866/890 939/867/891 
f 938/868/890 940/869/892 941/870/893 939/867/891 
f 940/871/892 942/872/894 943/873/895 941/870/893 
f 944/874/896 945/103/897 943/873/895 942/875/894 
f 944/876/896 946/877/898 947/878/899 948/879/900 
f 949/880/901 950/881/902 951/882/903 
f 952/883/904 953/104/905 954/884/906 
f 955/885/907 954/886/906 953/104/905 
f 956/887/908 957/888/909 958/889/910 959/890/911 
f 960/891/912 961/892/913 962/893/914 
f 963/894/915 964/895/916 965/896/917 
f 966/897/918 965/898/917 964/895/916 
f 967/899/919 968/900/920 969/901/921 
f 970/902/922 969/903/921 968/900/920 
f 971/904/923 972/905/924 973/906/925 
f 974/907/926 973/908/925 972/909/924 
f 975/910/927 976/911/928 977/912/929 
f 976/911/928 978/913/930 979/914/931 980/915/932 977/916/929 
f 981/917/933 979/918/931 978/913/930 982/919/934 
f 983/920/935 984/921/936 985/922/937 
f 986/923/938 985/924/937 984/921/936 
f 987/925/939 988/926/940 989/927/941 
f 989/928/941 988/926/940 990/929/942 991/930/943 
f 992/931/944 993/932/945 994/933/946 
f 995/934/947 994/933/946 993/932/945 
f 996/935/948 997/936/949 998/937/950 999/938/951 1000/939/952 
f 996/940/948 1000/941/952 1001/942/953 
f 1002/943/954 1001/944/953 1000/941/952 
f 999/945/951 998/937/950 1003/946/955 1004/947/956 
f 1003/946/955 1005/948/957 1006/949/958 1004/950/956 
f 1006/951/958 1005/948/957 1007/952/959 1008/953/960 
f 1008/954/960 1007/952/959 1009/955/961 1010/956/962 
f 1011/957/963 1012/958/964 1010/959/962 1009/960/961 
f 1012/958/964 1011/961/963 1013/962/965 1014/963/966 
f 1013/964/965 1015/965/967 1016/966/968 1014/963/966 
f 1017/967/969 1016/966/968 1015/968/967 1018/969/970 
f 1019/970/971 1020/971/972 1018/972/970 1015/968/967 
f 1021/973/973 1019/970/971 1022/974/974 1023/975/975 
f 1021/976/973 1024/977/976 1020/978/972 1019/970/971 
f 1023/975/975 1025/979/977 1026/980/978 1021/976/973 
f 1026/981/978 874/982/826 1024/983/976 1021/976/973 
f 1027/984/979 1028/985/980 1026/981/978 1025/979/977 
f 1026/981/978 1028/986/980 875/987/827 874/787/826 
f 1029/988/981 1030/989/982 1028/986/980 1027/984/979 
f 1031/990/983 1029/991/981 1027/984/979 1032/992/984 
f 1033/993/985 1034/994/986 1031/995/983 1032/992/984 
f 1034/996/986 1033/997/985 1035/998/987 1036/999/988 
f 1035/1000/987 1037/1001/989 1038/1002/990 1036/999/988 
f 1038/1002/990 1037/1003/989 1039/1004/991 1040/1005/992 
f 1041/1006/993 1039/1007/991 1037/1003/989 1042/1008/994 
f 1043/1009/995 1044/1010/996 1041/1011/993 1042/1008/994 
f 1045/1012/997 990/929/942 1041/1011/993 1044/1013/996 
f 1044/1013/996 1043/1009/995 1046/1014/998 1047/1015/999 
f 1047/1016/999 1048/1017/1000 1045/107/997 1044/1013/996 
f 1005/948/957 1003/1018/955 1047/1016/999 1046/1014/998 
f 1046/1019/998 1043/1009/995 1049/1020/1001 1050/1021/1002 
f 1051/55/1003 1052/1022/1004 1050/1023/1002 1049/1020/1001 
f 1051/157/1003 1053/1024/1005 1054/1025/1006 1052/1026/1004 
f 1053/1027/1005 1023/1028/975 1022/974/974 1054/1025/1006 
f 1053/1027/1005 1051/157/1003 1055/1029/1007 1056/1030/1008 
f 1056/1031/1008 1025/1032/977 1023/975/975 1053/1027/1005 
f 1033/993/985 1032/1033/984 1056/1031/1008 1055/1029/1007 
f 1049/1034/1001 1057/1035/1009 1055/1036/1007 1051/55/1003 
f 1042/1008/994 1057/1035/1009 1049/1020/1001 1043/1037/995 
f 1007/1038/959 1050/1021/1002 1052/1022/1004 1009/955/961 
f 1050/1021/1002 1007/952/959 1005/1039/957 1046/1014/998 
f 1037/1003/989 1035/1000/987 1057/1035/1009 1042/1040/994 
f 1058/1041/1010 1036/999/988 1038/1042/990 1059/1043/1011 
f 1058/1041/1010 1059/1044/1011 1060/1045/1012 1061/1046/1013 
f 1061/1046/1013 1062/1047/1014 1063/54/1015 1058/1048/1010 
f 1062/1049/1014 1064/1050/1016 1065/1051/1017 1063/125/1015 
f 1065/1051/1017 1064/1052/1016 1066/1053/1018 1067/1054/1019 
f 1066/1055/1018 884/1056/836 1068/1057/1020 1067/1054/1019 
f 1069/1058/1021 1066/1055/1018 1064/1052/1016 1070/1059/1022 
f 1069/1060/1021 885/1061/837 884/799/836 1066/1055/1018 
f 1071/1062/1023 1072/1063/1024 1069/1060/1021 1070/1059/1022 
f 1069/1060/1021 1072/1064/1024 888/1065/840 885/800/837 
f 1073/1066/1025 1072/1064/1024 1071/1062/1023 1074/1067/1026 
f 1075/1068/1027 1073/82/1025 1074/1069/1026 1076/1070/1028 
f 1077/1071/1029 901/1072/853 1075/1073/1027 1076/1070/1028 
f 1078/1074/1030 897/1075/849 901/819/853 1077/1071/1029 
f 1077/1071/1029 1079/1076/1031 1080/1077/1032 1078/1078/1030 
f 1080/1079/1032 1079/1080/1031 1081/1081/1033 1082/1082/1034 
f 1081/1083/1033 1083/1084/1035 1084/1085/1036 1082/1082/1034 
f 1085/1086/1037 1083/1087/1035 1081/1083/1033 1086/1088/1038 
f 1087/1089/1039 1088/1090/1040 1085/1091/1037 1086/1088/1038 
f 1089/1092/1041 1090/1093/1042 1088/99/1040 1087/1094/1039 
f 1091/1095/1043 1090/1096/1042 1089/1092/1041 1092/1097/1044 
f 1092/1097/1044 1061/1046/1013 1060/1098/1012 1091/1099/1043 
f 1092/1100/1044 1089/1092/1041 1093/1101/1045 1094/1102/1046 
f 1071/1103/1023 1070/1059/1022 1094/1104/1046 1093/1105/1045 
f 1094/1102/1046 1062/1047/1014 1061/1106/1013 1092/1097/1044 
f 1095/1107/1047 1082/1082/1034 1084/1108/1036 1096/1109/1048 
f 1097/1110/1049 1098/1111/1050 1095/1107/1047 1096/1112/1048 
f 1099/112/1051 1095/1113/1047 1098/1111/1050 1100/1114/1052 
f 1100/1115/1052 1101/1116/1053 1102/1117/1054 1099/48/1051 
f 1102/1117/1054 1101/1118/1053 1103/1119/1055 1104/1120/1056 
f 1105/1121/1057 1103/1122/1055 1101/1118/1053 1106/1123/1058 
f 907/828/859 1103/1122/1055 1105/1124/1057 908/1125/860 
f 1106/1123/1058 1107/1126/1059 1108/1127/1060 1105/1124/1057 
f 908/829/860 1105/1124/1057 1108/1128/1060 912/1129/864 
f 1109/1130/1061 1108/1128/1060 1107/1126/1059 1110/1131/1062 
f 912/833/864 1108/1128/1060 1109/1132/1061 1111/1133/1063 
f 1112/1134/1064 1113/1135/1065 1109/1132/1061 1110/1131/1062 
f 1113/1136/1065 1114/1137/1066 1111/1138/1063 1109/1132/1061 
f 1115/1139/1067 1116/1140/1068 1114/1141/1066 1113/1136/1065 
f 1115/1139/1067 933/859/885 929/1142/881 1116/1143/1068 
f 1117/1144/1069 934/860/886 933/1145/885 1115/1139/1067 
f 1117/1144/1069 1115/1146/1067 1113/1136/1065 1112/1134/1064 
f 1117/1147/1069 1112/1134/1064 1118/1148/1070 1119/1149/1071 
f 1118/1150/1070 1120/1151/1072 1121/1152/1073 1119/1153/1071 
f 1122/1154/1074 1121/1152/1073 1120/1155/1072 1123/1156/1075 
f 1122/1154/1074 1123/1157/1075 1124/1158/1076 1125/1159/1077 
f 1124/1160/1076 951/1161/903 946/877/898 1125/1159/1077 
f 1126/1162/1078 1124/1160/1076 1123/1157/1075 1127/1163/1079 
f 1128/1164/1080 958/1165/910 1126/1166/1078 1127/1163/1079 
f 1129/1167/1081 959/1168/911 958/889/910 1128/1164/1080 
f 1130/1169/1082 1129/1170/1081 1128/1164/1080 1131/1171/1083 
f 1131/1171/1083 1132/1172/1084 1133/1173/1085 1130/1174/1082 
f 1133/1175/1085 1132/1176/1084 1107/1177/1059 1106/1123/1058 
f 1131/1178/1083 1134/1179/1086 1135/113/1087 1132/1172/1084 
f 1132/1176/1084 1135/84/1087 1110/1180/1062 1107/1126/1059 
f 1134/1179/1086 1131/1171/1083 1128/1181/1080 1127/1163/1079 
f 1133/1173/1085 1100/1114/1052 1098/1182/1050 1130/1169/1082 
f 1130/1169/1082 1098/1111/1050 1097/1183/1049 1129/1167/1081 
f 1127/1184/1079 1123/1157/1075 1120/1155/1072 1134/1179/1086 
f 1134/1185/1086 1120/1155/1072 1118/1150/1070 1135/113/1087 
f 1112/1186/1064 1110/1131/1062 1135/84/1087 1118/1148/1070 
f 937/864/889 934/1187/886 1117/1144/1069 1119/1149/1071 
f 1104/1188/1056 897/815/849 1078/1074/1030 1102/1117/1054 
f 1106/1189/1058 1101/1118/1053 1100/1115/1052 1133/1175/1085 
f 1082/1190/1034 1095/1107/1047 1099/112/1051 1080/1079/1032 
f 1129/1167/1081 1097/1110/1049 1136/1191/1088 959/890/911 
f 1136/1192/1088 1097/1110/1049 1096/1109/1048 962/1193/914 
f 1137/1194/1089 1086/1195/1038 1081/1083/1033 1079/1080/1031 
f 1079/1076/1031 1077/1196/1029 1076/1070/1028 1137/1197/1089 
f 1102/1198/1054 1078/1074/1030 1080/1077/1032 1099/48/1051 
f 1029/988/981 1067/1054/1019 1068/1199/1020 1030/1200/982 
f 1070/1201/1022 1064/1052/1016 1062/1049/1014 1094/1104/1046 
f 1063/54/1015 1034/996/986 1036/1202/988 1058/1041/1010 
f 978/913/930 1091/1099/1043 1060/1045/1012 982/1203/934 
f 982/919/934 1060/1045/1012 1059/1043/1011 1138/1204/1090 
f 1040/1205/992 1138/1206/1090 1059/1043/1011 1038/1002/990 
f 1035/1000/987 1033/997/985 1055/1036/1007 1057/1207/1009 
f 1025/979/977 1056/1031/1008 1032/992/984 1027/1208/979 
f 1065/1209/1017 1031/990/983 1034/994/986 1063/125/1015 
f 1065/1051/1017 1067/1210/1019 1029/988/981 1031/990/983 
f 1015/968/967 1013/964/965 1022/974/974 1019/1211/971 
f 1011/961/963 1054/1025/1006 1022/1212/974 1013/964/965 
f 1011/961/963 1009/960/961 1052/1026/1004 1054/1213/1006 
f 936/100/888 939/1214/891 1008/953/960 1010/956/962 
f 941/1215/893 1006/949/958 1008/953/960 939/867/891 
f 1047/1016/999 1003/946/955 998/1216/950 1048/1217/1000 
f 1004/947/956 1006/949/958 941/870/893 943/1218/895 
f 999/938/951 1004/947/956 943/873/895 945/1219/897 
f 1039/1007/991 1041/1011/993 990/1220/942 988/926/940 
f 978/1221/930 976/911/928 1090/1096/1042 1091/1099/1043 
f 1139/1222/1091 1140/1223/1092 1141/1224/1093 
f 1141/1224/1093 1140/1225/1092 1142/1226/1094 
f 946/1227/898 944/876/896 942/875/894 1125/1159/1077 
f 1125/1228/1077 942/875/894 940/871/892 1122/1154/1074 
f 940/871/892 938/868/890 1121/1152/1073 1122/1229/1074 
f 937/865/889 1119/1153/1071 1121/1230/1073 938/868/890 
f 1010/959/962 1012/1231/964 935/861/887 936/85/888 
f 935/861/887 1012/958/964 1014/1232/966 932/857/884 
f 924/1233/876 922/846/874 1116/1143/1068 929/854/881 
f 1014/963/966 1016/1234/968 930/855/882 932/857/884 
f 930/855/882 1016/966/968 1017/1235/969 931/1236/883 
f 922/1237/874 919/842/871 1114/1141/1066 1116/1143/1068 
f 1103/1122/1055 907/1238/859 905/826/857 1104/1120/1056 
f 1143/1239/1095 928/1240/880 927/852/879 
s 8
f 1144/1241/1096 1145/267/1097 828/267/780 856/286/808 1146/286/1098 1147/1242/1099 
f 1148/257/1100 1149/1243/1101 1150/258/1102 810/258/762 808/257/760 
f 1151/259/1103 1152/1244/1104 1153/260/1105 836/260/788 835/259/787 
f 1153/260/1105 1154/1245/1106 1155/274/1107 850/274/802 836/260/788 
f 848/1246/800 1156/1247/1108 1157/1248/1109 1158/1249/1110 843/1250/795 
f 1158/278/1110 1159/1251/1111 1160/281/1112 844/281/796 843/278/795 
f 1160/281/1112 1161/1252/1113 1162/1253/1114 1163/283/1115 858/283/810 844/281/796 
s 1
f 1164/1254/1116 1165/1255/1117 1166/895/916 1167/1256/1118 
f 1168/1257/1119 1169/1258/1120 1170/1259/1121 
f 1170/1260/1121 1169/106/1120 1171/1261/1122 1172/1262/1123 
f 1173/1263/1124 1172/1264/1123 1171/1261/1122 
f 1174/1265/1125 1175/1266/1126 1176/1267/1127 
f 1177/1268/1128 1176/1269/1127 1175/1266/1126 
f 1178/1270/1129 1179/919/934 1180/1206/1090 1181/1271/1130 
f 1182/1007/1131 1183/1011/993 1184/1272/1132 1185/1273/1133 1186/1274/1134 
f 1184/1275/1132 1183/1011/993 1187/1013/996 1188/1276/1135 
f 1189/873/895 1190/1277/1136 1191/1278/1137 1192/947/956 
f 1193/1279/1138 1194/1160/1076 1195/1166/1078 1196/1280/1139 
f 1197/1281/1140 1198/890/911 1199/1192/1088 1200/1282/1141 1201/1283/1142 
f 1200/1284/1141 1199/1192/1088 1202/893/914 1203/1285/1143 1204/1286/1144 
f 1202/1287/914 1199/1192/1088 1205/1110/1049 1206/1109/1048 
f 1205/1110/1049 1207/1111/1050 1208/1107/1047 1206/1288/1048 
f 1208/1289/1047 1207/1111/1050 1209/1114/1145 1210/112/1146 
f 1210/48/1146 1209/1115/1145 1211/1290/1053 1212/1117/1054 
f 1213/1120/1056 1212/1117/1054 1211/1118/1053 1214/1291/1055 
f 1215/1292/859 1216/826/857 1213/1120/1056 1214/1122/1055 
f 1217/829/860 1218/833/864 1219/1293/1147 1220/1294/1148 1221/1295/1149 
f 1219/1296/1147 1218/833/864 1222/1138/1063 1223/1297/1150 1224/1298/1151 
f 1223/1299/1150 1222/1138/1063 1225/1141/1066 1226/1300/1152 
f 1227/1301/1153 1228/1302/1154 1229/854/881 1230/855/882 1231/1303/1155 
f 1231/1304/1155 1230/855/882 1232/966/968 1233/1305/1156 
f 1234/970/971 1235/976/973 1236/1306/1157 1155/1307/1107 1154/1308/1106 
f 1235/976/973 1237/981/978 1238/1309/1158 1236/1310/1157 
f 1158/1311/1110 1157/1312/1109 1239/986/980 1240/1200/982 1159/1313/1111 
f 1160/1314/1112 1159/1315/1111 1240/1200/982 1241/1057/1020 1161/1316/1113 
f 1242/1317/1159 1243/1318/1160 1244/1319/1161 
f 1245/1320/1162 1243/1321/1160 1242/1317/1159 
f 1246/1322/1163 1247/1323/1164 1248/1324/1165 
f 1249/1325/1166 1250/1326/1167 1251/147/1168 
f 1252/1327/1169 1253/1328/1170 1254/1329/1171 
f 1255/1330/1172 1254/1331/1171 1253/1328/1170 
f 1256/821/850 1216/826/857 1257/1332/1173 1145/1333/1097 1144/1334/1096 
f 1258/819/853 1259/815/849 1256/1335/850 1260/1336/1174 
f 1259/1337/849 1258/819/853 1261/1071/1029 1262/1074/1030 
f 1262/1338/1030 1261/1071/1029 1263/1076/1175 1264/1077/1176 
f 1265/1339/1033 1266/1082/1034 1264/1079/1176 1263/1080/1175 
f 1267/1085/1036 1266/1082/1034 1265/1083/1033 1268/1340/1035 
f 1268/1087/1035 1167/1341/1118 1166/895/916 1267/1085/1036 
f 1268/1087/1035 1265/1083/1033 1269/1088/1038 1270/1342/1037 
f 1270/1091/1037 1271/1343/920 1167/1256/1118 1268/1087/1035 
f 1272/1344/1177 1273/1345/1178 1270/1091/1037 1269/1088/1038 
f 1270/1091/1037 1273/101/1178 1274/1346/924 1271/900/920 
f 1275/1092/1041 1276/1347/1042 1273/99/1178 1272/1094/1177 
f 1273/99/1178 1276/1096/1042 1277/1348/928 1274/909/924 
f 1276/1096/1042 1278/1099/1043 1279/1349/930 1277/911/928 
f 1280/1045/1012 1179/1350/934 1279/913/930 1278/1099/1043 
f 1280/1045/1012 1281/1043/1011 1180/1351/1090 1179/919/934 
f 1280/1045/1012 1282/1046/1013 1283/1041/1010 1281/1352/1011 
f 1282/1046/1013 1284/1047/1014 1285/54/1015 1283/1353/1010 
f 1286/1051/1017 1285/125/1015 1284/1049/1014 1287/1354/1016 
f 1286/1051/1017 1287/1052/1016 1288/1355/1018 1289/1054/1019 
f 1241/1057/1020 1289/1054/1019 1288/1055/1018 1290/1356/836 
f 1291/1357/1021 1288/1055/1018 1287/1052/1016 1292/1059/1022 
f 1293/1358/837 1290/799/836 1288/1055/1018 1291/1060/1021 
f 1292/1059/1022 1294/1062/1023 1295/1359/1024 1291/1060/1021 
f 1291/1060/1021 1295/1064/1024 1296/1360/840 1293/800/837 
f 1297/1361/842 1296/803/840 1295/1064/1024 1298/160/1179 
f 1299/1362/846 1297/1363/842 1298/1364/1179 1300/1073/1027 
f 1300/1073/1027 1258/819/853 1260/1365/1174 1299/811/846 
f 1301/1070/1028 1300/1366/1027 1298/1364/1179 1302/1367/1180 
f 1301/1368/1028 1302/1367/1180 1303/1369/1181 1304/1197/1182 
f 1304/1194/1182 1303/1370/1181 1272/1371/1177 1269/1088/1038 
f 1302/1372/1180 1294/1062/1023 1305/1105/1183 1303/90/1181 
f 1305/1101/1183 1275/1373/1041 1272/1094/1177 1303/53/1181 
f 1263/1076/1175 1261/1374/1029 1301/1070/1028 1304/1197/1182 
f 1300/1073/1027 1301/1070/1028 1261/1071/1029 1258/1375/853 
f 1298/1376/1179 1295/1064/1024 1294/1062/1023 1302/1067/1180 
f 1292/1059/1022 1306/1104/1046 1305/1105/1183 1294/1377/1023 
f 1305/1101/1183 1306/1102/1046 1307/1378/1044 1275/1092/1041 
f 1284/1047/1014 1282/1379/1013 1307/1097/1044 1306/1102/1046 
f 1286/1051/1017 1289/1380/1019 1308/988/981 1309/990/983 
f 1310/984/979 1311/992/1184 1309/990/983 1308/1381/981 
f 1312/994/986 1309/1382/983 1311/992/1184 1313/993/985 
f 1314/1383/987 1315/999/988 1312/996/986 1313/997/985 
f 1316/1002/990 1315/999/988 1314/1000/987 1317/1384/989 
f 1318/1005/992 1316/1002/990 1317/1003/989 1182/1385/1131 
f 1319/1035/1009 1320/1386/994 1317/1003/989 1314/1000/987 
f 1182/1007/1131 1317/1003/989 1320/1008/994 1183/1387/993 
f 1321/1388/995 1320/1008/994 1319/1035/1009 1322/1020/1001 
f 1183/1011/993 1320/1008/994 1321/1009/995 1187/1389/996 
f 1323/1390/998 1321/1009/995 1322/1020/1001 1324/1021/1002 
f 1321/1009/995 1323/1014/998 1325/1391/999 1187/1013/996 
f 1326/952/1185 1327/1392/957 1323/1014/998 1324/1021/1002 
f 1327/948/957 1328/1393/955 1325/1016/999 1323/1014/998 
f 1329/953/1186 1330/1394/958 1327/948/957 1326/952/1185 
f 1192/1395/956 1328/946/955 1327/948/957 1330/949/958 
f 1331/867/1187 1332/1396/1188 1330/949/958 1329/953/1186 
f 1192/947/956 1330/949/958 1332/870/1188 1189/1397/895 
f 1332/870/1188 1331/867/1187 1333/868/1189 1334/1398/892 
f 1189/873/895 1332/870/1188 1334/871/892 1335/1399/894 
f 1334/871/892 1333/868/1189 1336/1152/1190 1337/1400/1074 
f 1337/1154/1074 1338/1401/1077 1335/875/894 1334/871/892 
f 1336/1152/1190 1339/1155/1072 1340/1402/1075 1337/1154/1074 
f 1340/1157/1075 1194/1403/1076 1338/1159/1077 1337/1154/1074 
f 1340/1157/1075 1339/1155/1072 1341/1179/1086 1342/1404/1079 
f 1194/1160/1076 1340/1157/1075 1342/1163/1079 1195/1405/1078 
f 1342/1163/1079 1341/1179/1086 1343/1171/1083 1344/1406/1080 
f 1195/1166/1078 1342/1163/1079 1344/1164/1080 1345/1407/910 
f 1346/1169/1191 1347/1408/1192 1344/1164/1080 1343/1171/1083 
f 1347/1167/1192 1198/1409/911 1345/889/910 1344/1164/1080 
f 1346/1169/1191 1207/1111/1050 1205/1410/1049 1347/1167/1192 
f 1346/1411/1191 1343/1171/1083 1348/1172/1193 1349/1173/1194 
f 1349/1175/1194 1348/1176/1193 1350/1412/1059 1351/1123/1058 
f 1352/1124/1195 1351/1123/1058 1350/1126/1059 1353/1413/1060 
f 1352/1124/1195 1353/1128/1060 1218/1414/864 1217/829/860 
f 1354/1415/1061 1353/1128/1060 1350/1126/1059 1355/1131/1062 
f 1218/833/864 1353/1128/1060 1354/1132/1061 1222/1416/1063 
f 1356/1134/1064 1357/1417/1065 1354/1132/1061 1355/1131/1062 
f 1222/1138/1063 1354/1132/1061 1357/1136/1065 1225/1418/1066 
f 1356/1134/1064 1358/1144/1196 1359/1419/1197 1357/1136/1065 
f 1225/1141/1066 1357/1136/1065 1359/1139/1197 1360/1420/1068 
s 8
f 1361/1421/1198 1362/1422/1199 1363/1152/1200 
s 1
f 1336/1152/1190 1364/1153/1201 1365/1150/1202 1339/1423/1072 
f 1364/1149/1201 1358/1424/1196 1356/1134/1064 1365/1148/1202 
s 2
f 1366/1425/1203 1367/1139/1204 1359/1139/1197 1358/1144/1196 1368/1144/1205 
s 8
f 1369/1426/1206 1367/1139/1204 1366/1427/1203 
s 1
f 1229/854/881 1370/859/1207 1371/857/1208 1230/1428/882 
f 1371/857/1208 1372/963/1209 1232/1429/968 1230/855/882 
f 1373/1430/967 1232/966/968 1372/963/1209 1374/964/1210 
s 2
f 1375/961/1211 1374/964/1210 1376/964/1212 1377/961/1213 
s 1
f 1378/1431/974 1374/964/1210 1375/961/1211 1379/1025/1006 
f 1374/964/1210 1378/974/974 1234/1432/971 1373/968/967 
f 1379/1025/1006 1380/1027/1005 1381/1433/975 1378/974/974 
f 1234/970/971 1378/974/974 1381/975/975 1235/1434/973 
f 1380/1027/1005 1382/1031/1008 1383/1435/977 1381/975/975 
f 1381/975/975 1383/979/977 1237/1436/978 1235/976/973 
f 1311/992/1184 1310/1437/979 1383/979/977 1382/1031/1008 
f 1384/1029/1007 1382/1438/1008 1380/1027/1005 1385/157/1003 
f 1384/1036/1007 1385/55/1003 1322/1439/1001 1319/1035/1009 
f 1384/1029/1007 1313/993/985 1311/1440/1184 1382/1031/1008 
f 1380/1441/1005 1379/1025/1006 1386/1026/1004 1385/157/1003 
f 1385/55/1003 1386/1022/1004 1324/1442/1002 1322/1020/1001 
f 1379/1443/1006 1375/961/1211 1387/960/1214 1386/1026/1004 
f 1386/1022/1004 1387/955/1214 1326/1444/1185 1324/1021/1002 
s 2
f 1387/955/1214 1388/955/1215 1389/952/1216 1326/952/1185 
s 1
f 1370/859/1207 1229/1445/881 1360/1143/1068 1359/1139/1197 
f 1365/1148/1202 1356/1446/1064 1355/1131/1062 1390/84/1217 
f 1339/1155/1072 1365/1150/1202 1390/113/1217 1341/1447/1086 
f 1355/1448/1062 1350/1126/1059 1348/1176/1193 1390/84/1217 
f 1390/113/1217 1348/1172/1193 1343/1449/1083 1341/1179/1086 
f 1207/1450/1050 1346/1169/1191 1349/1173/1194 1209/1114/1145 
f 1281/1043/1011 1316/1002/990 1318/1451/992 1180/1206/1090 
f 1319/1452/1009 1314/1000/987 1313/997/985 1384/1036/1007 
f 1312/994/986 1285/125/1015 1286/1453/1017 1309/990/983 
f 1237/981/978 1383/979/977 1310/984/979 1239/1454/980 
f 1308/988/981 1240/1455/982 1239/986/980 1310/984/979 
f 1289/1054/1019 1241/1456/1020 1240/1200/982 1308/988/981 
f 1292/1457/1022 1287/1052/1016 1284/1049/1014 1306/1104/1046 
f 1278/1099/1043 1307/1097/1044 1282/1046/1013 1280/1458/1012 
f 1315/1459/988 1283/1041/1010 1285/54/1015 1312/996/986 
f 1281/1043/1011 1283/1041/1010 1315/999/988 1316/1460/990 
f 1278/1461/1043 1276/1096/1042 1275/1092/1041 1307/1097/1044 
f 1269/1462/1038 1265/1083/1033 1263/1080/1175 1304/1194/1182 
f 1264/1077/1176 1210/48/1146 1212/1463/1054 1262/1074/1030 
f 1262/1074/1030 1212/1117/1054 1213/1464/1056 1259/815/849 
f 1259/815/849 1213/1120/1056 1216/1465/857 1256/821/850 
f 1296/803/840 1297/805/842 1251/1466/1168 1247/1323/1164 
f 1214/1122/1055 1352/1124/1195 1217/1467/860 1215/828/859 
f 1352/1468/1195 1214/1122/1055 1211/1118/1053 1351/1123/1058 
f 1351/1469/1058 1211/1118/1053 1209/1115/1145 1349/1175/1194 
f 1264/1079/1176 1266/1470/1034 1208/1107/1047 1210/112/1146 
f 1199/1471/1088 1198/890/911 1347/1167/1192 1205/1110/1049 
f 1208/1107/1047 1266/1082/1034 1267/1472/1036 1206/1109/1048 
f 1267/1085/1036 1166/1473/916 1202/893/914 1206/1109/1048 
f 1277/911/928 1171/1474/1122 1169/106/1120 1274/909/924 
s 2
f 127/105/97 130/1475/100 125/1476/95 124/1477/94 185/1478/152 162/1479/131 193/1480/160 280/1481/228 277/1482/230 275/1483/228 219/62/185 128/106/98 
f 183/1484/150 149/1485/119 151/1486/121 152/1487/122 179/1488/146 190/1489/157 189/1490/156 202/1491/169 142/1492/112 141/54/111 145/1493/115 180/1494/147 188/1495/155 186/1496/153 187/1497/154 207/1498/174 166/131/135 169/1499/138 181/1500/148 192/1501/159 191/1502/158 133/1503/103 132/108/102 136/1504/106 182/1505/149 184/1506/151 
s 1
f 240/1507/206 193/55/160 162/113/131 170/132/139 1391/1508/1218 241/1509/207 
s 2
f 204/1510/171 53/1511/23 52/1512/22 270/227/224 170/1513/139 171/1514/140 172/1515/141 173/1516/142 174/1517/141 176/1518/140 177/1519/144 
f 244/196/210 102/195/72 101/151/71 209/91/176 55/52/25 59/56/29 246/198/211 245/197/29 
s 1
f 286/246/238 1392/1520/1219 1393/1521/1220 1394/1522/1221 1395/1523/1222 287/247/239 
f 1395/1523/1222 1394/1522/1221 1396/1524/1223 308/1525/260 307/1526/259 1397/1527/1224 310/1528/262 291/251/243 116/157/86 157/125/126 160/128/129 
f 294/254/246 458/1529/410 298/1530/250 297/1531/249 301/1532/253 304/1533/256 289/249/241 288/248/240 52/49/22 51/48/21 140/84/110 
s 2
f 284/274/236 289/1534/241 304/260/256 303/260/255 1398/274/1225 
f 1393/281/1220 1399/281/1226 1400/283/1227 1396/283/1223 1394/1535/1221 
f 1401/292/1228 295/292/247 290/1536/242 293/268/245 312/268/264 
f 296/294/248 295/292/247 1401/292/1228 1402/294/1229 
f 296/294/248 1402/294/1229 457/270/409 458/270/410 294/1537/246 
s off
f 342/1538/294 343/268/295 346/292/298 348/1539/300 314/1540/266 313/1541/265 317/1542/269 319/1542/271 322/1541/274 323/1540/275 326/1539/278 328/292/280 330/268/282 332/1538/284 334/1543/286 1403/1544/1230 1404/1545/1231 1400/1546/1227 1399/1547/1226 1405/292/1232 1406/1548/1233 1398/1549/1225 303/1550/255 302/1551/254 300/1551/252 299/1550/251 457/1549/409 1402/1548/1229 1401/292/1228 312/1547/264 309/1546/261 311/1545/263 1407/1544/1234 1403/1544/1230 334/1543/286 336/1552/288 338/1552/290 340/1543/292 
s 2
f 471/1553/423 473/1554/425 475/1555/427 479/741/431 1404/261/1231 1403/262/1230 470/262/422 469/1556/421 
f 308/264/260 1396/283/1223 1400/283/1227 1404/261/1231 479/261/431 478/1557/430 480/1558/432 483/1559/435 1408/261/1235 305/261/257 
f 1409/262/1236 306/262/258 305/261/257 1408/261/1235 484/1560/436 487/1561/439 489/1562/441 
f 306/262/258 1409/262/1236 493/1563/445 492/1564/444 495/1565/447 1410/286/1237 1397/286/1224 307/263/259 
f 532/1566/484 461/1567/413 460/286/412 1407/286/1234 311/267/263 310/267/262 1397/286/1224 1410/286/1237 
f 470/262/422 1403/262/1230 1407/286/1234 460/286/412 459/1568/411 465/1569/417 466/1570/418 
f 484/1571/436 1408/1572/1235 483/318/435 482/318/434 485/1573/437 
f 489/1574/441 488/344/440 490/346/442 493/346/445 1409/1575/1236 
f 1410/1576/1237 495/1577/447 494/350/446 533/352/485 532/352/484 
s 1
f 520/281/472 518/754/470 516/755/468 515/756/467 514/757/466 527/758/479 528/759/480 510/760/462 507/292/459 506/761/458 503/762/455 502/763/454 531/764/483 500/765/452 499/260/451 498/1578/450 523/1579/475 522/1580/474 
s off
f 477/1581/429 476/1582/428 474/349/426 472/1583/424 468/1584/420 467/1585/419 464/1586/416 526/1587/478 513/1588/465 512/1588/464 517/1587/469 519/1589/471 521/346/473 525/349/477 524/1590/476 497/1591/449 496/1592/448 501/1593/453 464/1586/416 463/1586/415 462/1585/414 533/1584/485 494/1583/446 491/349/443 490/1582/442 488/1581/440 486/1594/438 485/1595/437 482/1595/434 481/1594/433 
f 526/1587/478 464/1586/416 501/1593/453 
f 526/1587/478 501/1593/453 530/1593/482 
f 509/1590/461 508/349/460 511/346/463 529/1589/481 526/1587/478 530/1593/482 505/1592/457 504/1591/456 
s 2
f 1405/278/1232 1399/281/1226 1393/281/1220 1392/278/1219 557/278/509 556/1596/508 559/1597/511 560/1598/512 564/1599/516 563/1600/515 568/1601/520 572/278/524 
f 554/276/506 553/1602/505 557/278/509 1392/278/1219 286/1603/238 285/276/237 
f 545/1604/497 549/1605/501 550/1606/502 554/276/506 285/276/237 284/274/236 1398/274/1225 1406/276/1233 864/276/816 535/1607/487 534/1608/486 539/1609/491 540/1610/492 544/1611/496 
f 864/276/816 1406/276/1233 1405/278/1232 572/278/524 571/1602/523 
s 8
f 603/1612/555 860/774/812 862/1613/814 601/544/553 602/1614/554 641/1615/593 643/1616/595 604/1617/556 
f 588/1618/540 587/530/539 546/491/498 541/1619/493 584/527/536 583/1620/535 623/1621/575 625/1622/577 
s 1
f 869/1623/821 1411/1624/1238 1412/1625/1239 1018/972/970 1020/978/972 870/1626/822 
f 1020/978/972 1024/983/976 1413/1627/1240 1414/1628/1241 872/784/824 870/782/822 
f 1024/983/976 874/787/826 873/1629/825 1415/1630/1242 1413/1631/1240 
f 877/1632/829 875/788/827 1028/986/980 1030/1200/982 879/1633/831 878/1634/830 1416/1635/1243 
f 881/1636/833 879/793/831 1030/1200/982 1068/1057/1020 1417/1637/1244 1418/1638/1245 
f 884/799/836 883/1639/835 1419/1640/1246 1417/1641/1244 1068/1057/1020 
f 885/800/837 888/803/840 887/1642/839 1420/1643/1247 882/1644/834 
f 906/1645/858 905/826/857 907/828/859 911/1646/863 1421/1647/1248 
f 914/1648/866 1422/1649/1249 913/1650/865 912/833/864 1111/1138/1063 915/1651/867 
f 926/1652/878 1423/1653/1250 925/1654/877 924/849/876 931/1236/883 927/1655/879 
f 1141/1224/1093 945/103/897 944/876/896 948/1656/900 1424/1657/1251 1139/1658/1091 
f 951/882/903 950/1659/902 1425/1660/1252 947/1661/899 946/877/898 
f 1136/1192/1088 1426/1662/1253 1427/1663/1254 956/1664/908 959/890/911 
f 962/893/914 961/1665/913 1428/1666/1255 1426/1667/1253 1136/1192/1088 
f 967/1668/919 1429/1669/1256 1430/1670/1257 1083/1087/1035 1085/1091/1037 968/1671/920 
f 1431/1672/1258 981/1673/933 982/919/934 1138/1206/1090 1432/1674/1259 
f 984/1675/936 983/1676/935 1433/1677/1260 1432/1678/1259 1138/1206/1090 1040/1005/992 
f 1045/107/997 1434/1679/1261 1435/1680/1262 991/1681/943 990/929/942 
f 992/1682/944 1436/1683/1263 1434/1684/1261 1045/107/997 1048/1217/1000 993/931/945 
f 1142/1685/1094 1437/1686/1264 1002/1687/954 1000/941/952 999/938/951 945/103/897 1141/1688/1093 
f 1048/1217/1000 998/937/950 997/1689/949 1438/1690/1265 995/1691/947 993/932/945 
f 987/1692/939 1439/1693/1266 986/1694/938 984/921/936 1040/1005/992 1039/1007/991 988/1695/940 
f 975/1696/927 1440/1697/1267 974/1698/926 972/909/924 1088/99/1040 1090/1096/1042 976/1699/928 
f 1430/1700/1257 966/1701/918 964/895/916 1084/1085/1036 1083/1087/1035 
f 1441/1702/1268 960/1703/912 962/893/914 1096/1109/1048 1084/1085/1036 964/1704/916 963/1705/915 
f 957/1706/909 1442/1707/1269 955/1708/907 953/104/905 1126/1166/1078 958/889/910 
f 1443/1709/1270 949/1710/901 951/882/903 1124/1160/1076 1126/1166/1078 953/1711/905 952/1712/904 
f 918/1713/870 1444/1714/1271 917/1715/869 915/837/867 1111/1138/1063 1114/1141/1066 919/1716/871 
f 903/1717/855 898/821/850 897/815/849 1104/1120/1056 905/1718/857 904/1719/856 1445/1720/1272 
f 1075/1073/1027 901/819/853 900/1721/852 1446/1722/1273 896/1723/848 894/811/846 
f 893/1724/845 1447/1725/1274 892/1726/844 890/809/842 1073/82/1025 1075/1073/1027 894/1727/846 
f 886/1728/838 888/803/840 1072/1064/1024 1073/160/1025 890/1729/842 889/1730/841 1448/1731/1275 
f 868/1732/820 866/778/818 1017/967/969 1018/972/970 1412/1733/1239 
f 865/1734/817 1449/1735/1276 1143/1736/1095 927/852/879 931/1236/883 1017/967/969 866/1737/818 
s 8
f 1252/1738/1169 1254/1739/1171 1255/1740/1172 1146/286/1098 856/286/808 855/262/807 1450/262/1277 
f 1145/267/1097 1257/1741/1173 1451/265/1278 823/265/775 828/267/780 
f 1451/265/1278 1452/1742/1279 1453/268/1280 824/268/776 823/265/775 
f 1221/1743/1149 1220/1744/1148 842/1745/794 824/1746/776 1453/1747/1280 
f 1220/292/1148 1219/1748/1147 1224/294/1151 839/294/791 842/292/794 
f 1226/1749/1152 1454/270/1281 830/270/782 839/294/791 1224/294/1151 1223/1750/1150 
f 1455/258/1282 831/258/783 830/270/782 1454/270/1281 1456/1751/1283 
f 1455/258/1282 1228/1752/1154 1227/257/1153 834/257/786 831/258/783 
f 1457/259/1284 1191/1753/1137 1190/1754/1136 1148/257/1100 808/257/760 806/259/758 
f 834/257/786 1227/257/1153 1231/1754/1155 1233/1755/1156 1151/259/1103 835/259/787 
f 1155/274/1107 1236/1756/1157 1238/1757/1158 1156/276/1108 848/276/800 850/274/802 
f 1243/1758/1160 1245/1759/1162 1458/741/1285 857/741/809 858/283/810 1163/283/1115 1244/1760/1161 
f 1249/1761/1166 1450/262/1277 855/262/807 857/741/809 1458/741/1285 1246/1762/1163 1248/1763/1165 1250/1764/1167 
s 1
f 1459/1765/1286 1460/1766/1287 1164/1767/1116 1167/1256/1118 1271/900/920 
f 1274/905/924 1169/1768/1120 1168/1769/1119 1461/1770/1288 1459/1771/1286 1271/900/920 
f 1318/1005/992 1462/1772/1289 1463/1773/1290 1181/1774/1130 1180/1206/1090 
f 1318/1005/992 1182/1007/1131 1186/1775/1134 1464/1776/1291 1462/1777/1289 
f 1325/1016/999 1465/1778/1292 1466/1779/1293 1188/1780/1135 1187/1013/996 
f 1328/946/955 1467/1781/1294 1468/1782/1295 1465/1783/1292 1325/1016/999 
f 1457/1784/1284 1467/1785/1294 1328/946/955 1192/947/956 1191/1786/1137 
f 1189/873/895 1335/875/894 1149/1787/1101 1148/1788/1100 1190/1789/1136 
f 1150/1790/1102 1149/1791/1101 1335/875/894 1338/1159/1077 1469/1792/1296 
f 1470/1793/1297 1469/1794/1296 1338/1159/1077 1194/1160/1076 1193/1795/1138 
f 1345/889/910 1471/1796/1298 1472/1797/1299 1196/1798/1139 1195/1166/1078 
f 1345/889/910 1198/890/911 1197/1799/1140 1473/1800/1300 1471/1801/1298 
f 1216/826/857 1215/828/859 1452/1802/1279 1451/1803/1278 1257/1804/1173 
f 1215/828/859 1217/829/860 1221/1805/1149 1453/1806/1280 1452/1807/1279 
f 1454/1808/1281 1226/1809/1152 1225/1141/1066 1360/1143/1068 1456/1810/1283 
f 1229/854/881 1228/1811/1154 1455/1812/1282 1456/1813/1283 1360/1143/1068 
f 1152/1814/1104 1151/1815/1103 1233/1816/1156 1232/966/968 1373/968/967 
f 1153/1817/1105 1152/1818/1104 1373/968/967 1234/970/971 1154/1819/1106 
f 1157/1820/1109 1156/1821/1108 1238/1822/1158 1237/981/978 1239/986/980 
f 1241/1057/1020 1290/799/836 1162/1823/1114 1161/1824/1113 
f 1293/800/837 1242/1825/1159 1244/1826/1161 1163/1827/1115 1162/1828/1114 1290/799/836 
f 1251/62/1168 1250/1829/1167 1248/1830/1165 1247/1323/1164 
f 1256/821/850 1144/1831/1096 1147/1832/1099 1260/1336/1174 
s 2
f 1363/1152/1200 1362/1422/1199 1474/1833/1301 1364/1153/1201 1336/1152/1190 
s 1
f 1253/1328/1170 1299/811/846 1260/1336/1174 1147/1834/1099 1146/1835/1098 1255/1836/1172 
f 1249/1837/1166 1251/147/1168 1297/1363/842 1299/811/846 1253/1838/1170 1252/1839/1169 1450/1840/1277 
f 1458/1841/1285 1245/1842/1162 1242/1317/1159 1293/800/837 1296/803/840 1247/1843/1164 1246/1844/1163 
f 1175/1266/1126 1279/913/930 1179/919/934 1178/1845/1129 1475/1846/1302 1177/1847/1128 
f 1173/1848/1124 1171/1261/1122 1277/911/928 1279/913/930 1175/1849/1126 1174/1850/1125 1476/1851/1303 
f 1477/1852/1304 1203/1853/1143 1202/893/914 1166/895/916 1165/1854/1117 
s 2
f 247/199/212 210/153/177 98/152/68 237/1855/203 251/203/215 
f 251/203/215 237/1855/203 238/208/204 249/201/214 
f 261/217/222 256/210/218 239/209/205 241/1856/207 
f 1391/1857/1218 269/226/223 265/222/217 260/216/217 261/217/222 241/1856/207 
f 269/226/223 1391/1857/1218 170/1513/139 270/227/224 
f 271/228/224 270/227/224 52/1512/22 288/1858/240 
f 288/1858/240 287/1859/239 272/229/225 271/228/224 
f 273/230/226 272/229/225 287/1859/239 1395/1860/1222 
f 274/231/227 273/230/226 1395/1860/1222 160/1861/129 
f 231/1862/197 268/225/221 274/231/227 232/1863/198 
f 200/1864/167 109/1865/79 108/1866/78 156/1867/125 155/1868/78 154/1869/124 232/1863/198 274/231/227 160/1861/129 159/1870/128 
f 264/220/221 268/225/221 231/1862/197 230/221/196 
f 228/215/194 60/57/30 64/61/34 254/206/216 
s 32
f 432/286/1305 1435/1871/1305 1434/1679/1305 1436/1683/1305 430/466/1305 
s 64
f 430/267/1306 1436/1683/1306 992/1682/1306 994/933/1306 995/934/1306 1438/1690/1306 428/468/1306 
s 128
f 428/265/1307 1438/1690/1307 997/1689/1307 996/935/1307 1001/942/1307 1002/943/1307 1437/1686/1307 390/449/1307 
s 256
f 434/262/1308 1439/1872/1308 987/1692/1308 989/927/1308 991/930/1308 1435/1680/1308 432/286/1308 
s 512
f 390/268/888 1437/1686/888 1142/1685/888 1140/1225/888 1139/1222/888 1424/1657/888 388/446/888 
s 1024
f 442/278/1309 1440/1873/1309 975/1696/1309 977/912/1309 980/915/1309 440/459/1309 
s 2048
f 446/274/1310 1429/1874/1310 967/1668/1310 969/901/1310 970/902/1310 1478/1875/1310 444/462/1310 
s 4096
f 444/276/1311 1478/1875/1311 971/1876/1311 973/906/1311 974/907/1311 1440/1697/1311 442/278/1311 
s 8192
f 438/283/1312 1431/1877/1312 1432/1674/1312 1433/1677/1312 436/455/1312 
s 16384
f 440/281/1313 980/915/1313 979/914/1313 981/917/1313 1431/1672/1313 438/283/1313 
s 32768
f 436/261/1314 1433/1677/1314 983/1676/1314 985/922/1314 986/923/1314 1439/1693/1314 434/262/1314 
s 65536
f 456/270/1217 1443/1878/1217 952/1712/1217 954/884/1217 955/885/1217 1442/1707/1217 454/258/1217 
s 131072
f 454/258/1315 1442/1707/1315 957/1706/1315 956/887/1315 1427/1663/1315 452/257/1315 
s 262144
f 452/257/1316 1427/1663/1316 1426/1662/1316 1428/1666/1316 450/259/1316 
s 524288
f 450/259/1146 1428/1666/1146 961/1665/1146 960/891/1146 1441/1702/1146 448/260/1146 
s 1048576
f 388/292/1317 1424/1657/1317 948/1656/1317 947/878/1317 1425/1660/1317 389/445/1317 
s 2097152
f 389/294/1318 1425/1660/1318 950/1659/1318 949/880/1318 1443/1709/1318 456/270/1318 
s 4194304
f 448/260/1319 1441/1702/1319 963/1705/1319 965/896/1319 966/897/1319 1430/1700/1319 1429/1669/1319 446/274/1319 
s 8388608
f 391/318/1320 1415/1879/1320 873/1629/1320 876/789/1320 877/790/1320 1416/1635/1320 412/451/1320 
s 16777216
f 395/321/1321 1411/1880/1321 869/1623/1321 871/783/1321 872/784/1321 1414/1628/1321 394/469/1321 
s 33554432
f 426/367/1322 1449/1881/1322 865/1734/1322 867/779/1322 868/780/1322 1412/1733/1322 1411/1624/1322 395/321/1322 
s 67108864
f 425/338/888 1423/1882/888 926/1652/888 928/853/888 1143/1239/888 1449/1735/888 426/367/888 
s 134217728
f 424/363/1323 921/1883/1323 923/847/1323 925/850/1323 1423/1653/1323 425/338/1323 
s 268435456
f 423/361/1324 1444/1884/1324 918/1713/1324 920/843/1324 921/844/1324 424/363/1324 
s 536870912
f 422/359/1087 1422/1885/1087 914/1648/1087 916/838/1087 917/839/1087 1444/1714/1087 423/361/1087 
s 1073741824
f 394/320/1003 1414/1628/1003 1413/1627/1003 1415/1630/1003 391/318/1003 
s 2147483648
f 421/358/1325 910/1886/1325 909/830/1325 913/834/1325 1422/1649/1325 422/359/1325 
s 32
f 420/356/1326 1421/1887/1326 911/1646/1326 910/831/1326 421/358/1326 
s 64
f 419/332/1051 1445/1888/1051 904/1719/1051 906/827/1051 1421/1647/1051 420/356/1051 
s 128
f 418/352/1327 1446/1889/1327 900/1721/1327 899/817/1327 902/822/1327 903/823/1327 1445/1720/1327 419/332/1327 
s 256
f 417/350/1328 1447/1890/1328 893/1724/1328 895/812/1328 896/813/1328 1446/1722/1328 418/352/1328 
s 512
f 416/349/1311 1448/1891/1311 889/1730/1311 891/806/1311 892/807/1311 1447/1725/1311 417/350/1311 
s 1024
f 415/346/1329 1420/1892/1329 887/1642/1329 886/801/1329 1448/1731/1329 416/349/1329 
s 2048
f 414/344/1330 1419/1893/1330 883/1639/1330 882/797/1330 1420/1643/1330 415/346/1330 
s 4096
f 413/342/1015 1418/1894/1015 1417/1637/1015 1419/1640/1015 414/344/1015 
s 8192
f 412/341/1331 1416/1635/1331 878/1634/1331 880/794/1331 881/795/1331 1418/1638/1331 413/342/1331 
s 16384
f 1086/1088/1332 1137/1194/1332 1479/1895/1332 1474/1149/1332 1362/1422/1332 1361/1421/1332 1480/1896/1332 1087/1094/1332 
s 32768
f 1074/1069/1333 1481/1897/1333 1369/1426/1333 1366/1427/1333 1368/1144/1333 1479/1898/1333 1137/1194/1333 1076/1070/1333 
s 65536
f 1087/1094/1334 1480/1896/1334 1389/1899/1334 1388/955/1334 1482/1900/1334 1093/1105/1334 1089/1092/1334 
s 131072
f 1071/1062/1335 1093/1105/1335 1482/1900/1335 1377/961/1335 1376/964/1335 1481/1901/1335 1074/1069/1335 
s 262144
f 968/900/1336 1085/1091/1336 1088/1090/1336 972/909/1336 971/904/1336 1478/1875/1336 970/902/1336 
s 524288
f 1326/952/1337 1389/952/1337 1480/1896/1337 1361/1421/1337 1363/1152/1337 1336/1152/1337 1333/868/1337 1331/867/1337 1329/953/1337 
s 1048576
f 1367/1139/1338 1369/1426/1338 1481/1897/1338 1376/964/1338 1374/964/1338 1372/963/1338 1371/857/1338 1370/859/1338 1359/1139/1338 
s 2097152
f 1358/1144/1339 1364/1149/1339 1474/1833/1339 1479/1895/1339 1368/1144/1339 
s 4194304
f 1377/961/1340 1482/1900/1340 1388/955/1340 1387/955/1340 1375/961/1340 
s 8388608
f 816/292/1085 1483/268/1085 859/268/1085 815/446/1085 
s 16777216
f 1483/268/1085 816/292/1085 1473/292/1085 1197/1799/1085 1201/1283/1085 
s 33554432
f 1483/268/1341 1201/1283/1341 1200/1282/1341 1204/1286/1341 820/265/1341 
s 67108864
f 819/265/1342 859/449/1342 1483/268/1342 820/265/1342 
s 134217728
f 820/265/1343 1204/1286/1343 1203/1285/1343 1477/1852/1343 817/267/1343 
s 268435456
f 813/294/1344 1472/294/1344 1471/1796/1344 1473/1800/1344 816/292/1344 
s 536870912
f 811/270/1345 1470/270/1345 1193/1795/1345 1196/1280/1345 1472/1797/1345 813/294/1345 
s 1073741824
f 810/258/1346 1150/258/1346 1469/1792/1346 1470/1793/1346 811/270/1346 
s 2147483648
f 803/260/1347 1468/260/1347 1467/1781/1347 1457/1784/1347 806/259/1347 
s 32
f 802/274/1348 1466/274/1348 1465/1778/1348 1468/1782/1348 803/260/1348 
s 64
f 797/278/1349 1464/278/1349 1186/1775/1349 1185/1273/1349 801/276/1349 800/276/1349 798/461/1349 
s 128
f 795/281/1350 1463/281/1350 1462/1772/1350 1464/1776/1350 797/278/1350 
s 256
f 794/283/1351 1475/283/1351 1178/1845/1351 1181/1271/1351 1463/1773/1351 795/281/1351 
s 512
f 792/741/1352 1476/741/1352 1174/1850/1352 1176/1267/1352 1177/1268/1352 1475/1846/1352 794/283/1352 
s 1024
f 791/262/1353 1461/262/1353 1168/1769/1353 1170/1259/1353 1172/1262/1353 1173/1263/1353 1476/1851/1353 792/741/1353 
s 2048
f 817/267/1354 1477/1852/1354 1165/1854/1354 1164/1254/1354 1460/1766/1354 821/286/1354 
s 4096
f 821/286/1355 1460/1766/1355 1459/1765/1355 1461/1770/1355 791/262/1355 
s 8192
f 801/276/1356 1185/1273/1356 1184/1272/1356 1188/1276/1356 1466/1779/1356 802/274/1356 
# 1111 polygons - 56 triangles

